0.16715615591780336,-0.12490410631905349,0.8490957294163431,1.150904270583657
0.3649776481264701,-0.0972334692839782,0.8437268953745619,1.1562731046254382
0.5633760423734115,-0.0729740233477873,0.8354152572871572,1.1645847427128428
0.7627595047125856,-0.062061644277244365,0.8223285262407366,1.1776714737592635
0.9611140092904114,-0.03958699155669226,0.8124844014163837,1.1875155985836165
1.1612332894546098,-0.03304705293686709,0.8144413162071622,1.185558683792838
1.3576650257766307,-0.010775344811099947,0.8169413986393297,1.1830586013606705
1.5568902867050418,0.019822472262621856,0.8195039661540824,1.1804960338459178
1.7564698554032672,0.028365260855596323,0.8286762818348371,1.171323718165163
1.9547026405190127,0.03870896641770765,0.8373182742550754,1.1626817257449247
2.1510073873675233,0.07026640000600333,0.8438193300363773,1.1561806699636228
2.351045963772714,0.0983609255627568,0.8480985309566761,1.151901469043324
2.5507304365307135,0.10395807139391243,0.8511802285924939,1.1488197714075064
2.7498169163662056,0.10784601368579219,0.8528702777881926,1.1471297222118075
2.9484521988632295,0.12207340340256914,0.854726753230637,1.1452732467693632
3.1473013245159427,0.14255191526047675,0.8553442264871263,1.144655773512874
3.3470792955868065,0.1593497731333548,0.8565329655397689,1.1434670344602313
3.546785643604723,0.15444092059393955,0.8534282099562152,1.146571790043785
3.7461444794355145,0.1485079098227457,0.8496309433879581,1.1503690566120421
3.9457806429862963,0.1458045042251124,0.84650445354163,1.1534955464583703
4.145701250368746,0.14428892022936596,0.8431627027994915,1.1568372972005088
4.345592149748782,0.13954933394698343,0.839267646218125,1.1607323537818752
4.544917697717002,0.13341708521001494,0.8341746725960915,1.1658253274039088
4.744688691210506,0.1327923091574097,0.8304082572388727,1.1695917427611275
4.94481048165033,0.12797217957897053,0.8264459292904339,1.1735540707095664
5.1442539603139545,0.11955350793461783,0.821276279055461,1.1787237209445391
5.343721764232012,0.11517012948684657,0.816862260840772,1.1831377391592284
5.543448035466677,0.11389916463201527,0.8130027696513988,1.1869972303486014
5.743258390812413,0.11405702004667559,0.8099004184765114,1.190099581523489
5.943084616790496,0.11165179781870951,0.8076116078020931,1.192388392197907
6.142977900545964,0.10216441566726195,0.8061713988196061,1.193828601180394
6.34156481056258,0.07987715886326668,0.8036638016614746,1.1963361983385257
6.539478698959514,0.060354137381814804,0.8011158347123856,1.1988841652876148
6.73946570282784,0.05483290412212092,0.8087024361282098,1.1912975638717904
6.938420522618248,0.036885704602303775,0.8212202701464579,1.1787797298535423
7.137913081652691,0.02692693260125799,0.834068416941669,1.165931583058331
7.336342464054756,0.004019996016883009,0.840853703330089,1.159146296669911
7.53544882697224,-0.011383897003510482,0.8423957164429801,1.1576042835570202
7.733175159441328,-0.039622129479941766,0.8418442585687747,1.1581557414312256
7.931946021777699,-0.06039321514385913,0.8416497060493843,1.1583502939506158
8.128743818428768,-0.09430013124433177,0.8416012468666223,1.158398753133378
8.327087802479449,-0.11544377575688687,0.8459866915423229,1.1540133084576771
8.52549875555642,-0.14113884092528775,0.8509221485015507,1.1490778514984494
8.723553871885985,-0.16623094053385815,0.8559382978856211,1.1440617021143789
8.921647749076095,-0.1927978264873155,0.8622181761401144,1.1377818238598856
9.119191828234065,-0.22265738542378438,0.8686855568883848,1.1313144431116153
9.31643140705017,-0.2542421439118991,0.8759681270155343,1.124031872984466
9.513460943268552,-0.28665572194149963,0.8835793074146313,1.1164206925853688
9.711133954228304,-0.31597846299461635,0.8926964923748333,1.107303507625167
9.90833602549088,-0.3480863736933767,0.9024252428890163,1.097574757110984
10.104987595495231,-0.38295045424986984,0.9123709917637765,1.0876290082362237
10.301664705523502,-0.41832501338197936,0.9233075573464875,1.0766924426535127
10.49824668534317,-0.4542437563070318,0.9351945745526071,1.064805425447393
10.693822513635324,-0.4936663436110241,0.9483365682567504,1.0516634317432496
10.888516772495471,-0.5389618255246309,0.9605711001939556,1.0394288998060446
11.084879473419951,-0.5767796829754595,0.9756351932655093,1.024364806734491
11.279402829896634,-0.6206582368684355,0.9911990355466411,1.008800964453359
11.473755682465585,-0.6675876990689896,1.0068202296668198,0.9931797703331804
11.668396277739946,-0.7137813598581175,1.0235609742639165,0.9764390257360838
11.86225097522194,-0.7604807052413117,1.0422824692328572,0.9577175307671428
12.053728430639032,-0.8171345586759031,1.0601791646621281,0.9398208353378721
12.245856765017331,-0.8730776901512537,1.0786723764263564,0.9213276235736437
12.437176323976871,-0.9305883911804743,1.0976026039038196,0.9023973960961805
12.6272328999689,-0.9917867497886852,1.1159969210016982,0.8840030789983019
12.814538525911406,-1.0596464453640355,1.1338703032233588,0.8661296967766414
12.999823100710888,-1.1357631597553657,1.1486866836002025,0.8513133163997976
13.18732080801475,-1.2054966715989914,1.1629248974900914,0.8370751025099088
13.373451713701037,-1.2758875334691575,1.1774948334583837,0.8225051665416164
13.55552576095437,-1.3588749392416013,1.1858594585510358,0.8141405414489644
13.741193718912047,-1.4336509800275243,1.192553355330364,0.8074466446696361
13.927505820803022,-1.504296380105563,1.2000000000000002,0.8
14.106185038428093,-1.5933465952478494,1.1994165400202612,0.8005834599797389
14.284429398786209,-1.6844045751341539,1.1929889228822441,0.807011077117756
14.461524866027446,-1.7758842229615326,1.18299618567376,0.8170038143262399
14.628469194806387,-1.8859605693697106,1.158969903657896,0.8410300963421043
14.793691473269867,-1.998255271171128,1.1246382964690593,0.875361703530941
14.955412749453407,-2.1154722147549814,1.0822293666245963,0.9177706333754038
15.10690821374232,-2.245647037959628,1.0276530795302201,0.9723469204697801
15.260332007786904,-2.373358213965288,0.967284997882119,1.0327150021178813
15.414815900548973,-2.5001667601992987,0.9101449068218359,1.0898550931781643
15.557631230846951,-2.6398949939604712,0.8582107743526808,1.1417892256473192
15.684511867463302,-2.794181904405533,0.8179756058340416,1.1820243941659585
15.796448618001262,-2.959758913526354,0.8008255852709838,1.1991744147290162
15.89398066266526,-3.13341908092008,0.8115915374984441,1.188408462501556
15.99059265201174,-3.307757971248001,0.8454159168168816,1.1545840831831187
16.076029579020087,-3.488665461682137,0.8928327284826526,1.1071672715173475
16.150561854496637,-3.6741569377392076,0.9497878879813954,1.0502121120186048
16.215577030319963,-3.8629653035507783,1.0101328731295847,0.9898671268704154
16.266579233027183,-4.055895461905026,1.0632514784430882,0.936748521556912
16.32302512216684,-4.248181717775343,1.1039463995107457,0.8960536004892545
16.360129041620517,-4.443625123898635,1.1361547276996757,0.8638452723003245
16.384229586037335,-4.642178862529089,1.1613365267743403,0.8386634732256599
16.419067406440597,-4.839501969576891,1.1801449955227639,0.8198550044772364
16.44249674767691,-5.037029031752191,1.1910481685858403,0.8089518314141598
16.45688241737952,-5.236821916405484,1.1968231126702602,0.8031768873297399
16.474787413692273,-5.435182101382664,1.2000000000000002,0.8
16.476701639245707,-5.6343351808512985,1.1996900696187487,0.8003099303812514
16.4851734298991,-5.835122012182017,1.198544209580083,0.8014557904199172
16.50578127163519,-6.033834357332993,1.197116703775624,0.8028832962243762
16.52350021042368,-6.231836152009726,1.1968027876318512,0.8031972123681488
16.533120570852706,-6.431626536725793,1.1981652042449482,0.801834795755052
16.5513563778881,-6.630392322356097,1.1952879054178625,0.8047120945821377
16.56213959791503,-6.829944429686056,1.1900664912841077,0.8099335087158925
16.583710425560554,-7.028322303713938,1.1835907949306985,0.8164092050693016
16.5975416526276,-7.227849777244041,1.1744368506555172,0.8255631493444829
16.624003303549177,-7.4262852652859515,1.1658272845485667,0.8341727154514336
16.642432099564694,-7.623834508735827,1.1551638601475689,0.8448361398524313
16.65715697459239,-7.82409279293943,1.1442431988408035,0.8557568011591966
16.681068742428202,-8.022319043327416,1.1331919118228122,0.866808088177188
16.69623584390034,-8.220758639925503,1.1208689235143512,0.8791310764856489
16.712914299416486,-8.42047015546753,1.1084411386490838,0.8915588613509162
16.732421233863317,-8.619537155389342,1.0955118223070148,0.9044881776929854
16.75255359731931,-8.817855969321016,1.0820291831049267,0.9179708168950734
16.767241866972267,-9.016930969957174,1.0682448296292055,0.9317551703707945
16.781911576595917,-9.216439905800254,1.054374055513275,0.945625944486725
16.797023441199435,-9.415183253941878,1.0403152443167265,0.9596847556832737
16.81044767072086,-9.61524099052454,1.026276916096707,0.9737230839032932
16.834588786377818,-9.81331273308707,1.0125262257998213,0.9874737742001789
16.84903570309012,-10.01184267365194,0.9993240263590822,1.0006759736409179
16.8632685202017,-10.211808979974398,0.9867117531746046,1.0132882468253954
16.885365597006732,-10.409763038096763,0.974675849756502,1.0253241502434982
16.897159482668766,-10.609351975463133,0.9625950794750853,1.037404920524915
16.920189265645288,-10.808016137181019,0.9514420954739327,1.0485579045260676
16.941226911444577,-11.006279865207803,0.9411758541381402,1.05882414586186
16.957610957511307,-11.205580656551833,0.9309574235423352,1.069042576457665
16.980931283607894,-11.40399228848141,0.9216893819683345,1.0783106180316655
17.002945244092107,-11.602440274755269,0.9132816325813127,1.0867183674186875
17.020697365927838,-11.801531208875602,0.9050316240959064,1.0949683759040938
17.04579278852405,-11.999614840842737,0.897772996368768,1.1022270036312323
17.07440547049338,-12.197329001289692,0.8920376566290513,1.1079623433709487
17.095114417777907,-12.39609839035709,0.8863419337238496,1.1136580662761506
17.11981093973429,-12.594195965108446,0.8814968837264564,1.1185031162735437
17.151134301114876,-12.791571455715925,0.8784174118137512,1.121582588186249
17.176458270342543,-12.989791040061611,0.8759558844004347,1.1240441155995655
17.20250302067883,-13.187536234888098,0.8738053390574535,1.1261946609425466
17.23943040487441,-13.384030981408214,0.8744093942144643,1.1255906057855358
17.264778537690205,-13.582234680242426,0.875006406287816,1.1249935937121842
17.295744188632014,-13.779278586373108,0.8765259268777725,1.1234740731222277
17.334092094321367,-13.9754498344376,0.8810023118989577,1.1189976881010424
17.36363520615787,-14.172916426020684,0.8847706233429621,1.1152293766570383
17.40249537212229,-14.368924757835716,0.8906899984349146,1.1093100015650856
17.437880628200016,-14.565552874325741,0.8978294523356967,1.1021705476643036
17.47293951552633,-14.762107574549814,0.9053121714641306,1.0946878285358697
17.514544679711523,-14.95762956475204,0.9145888234271116,1.0854111765728887
17.559074791953964,-15.152421513120387,0.9256845502591686,1.0743154497408316
17.598768556497006,-15.347960218013874,0.9374193041991408,1.0625806958008592
17.63905152768908,-15.543850616389278,0.9497638174553812,1.050236182544619
17.685499055463872,-15.737913969336645,0.9649130673176833,1.0350869326823169
17.726231021536904,-15.933409093838675,0.9798237593162002,1.0201762406838
17.777013647363344,-16.12728106630847,0.9968292003396791,1.003170799660321
17.829044902200792,-16.31924582222814,1.0172978434659157,0.9827021565340845
17.872906899391737,-16.514376455864372,1.0360302119742046,0.9639697880257954
17.92772064617476,-16.707054597820814,1.057735130380546,0.9422648696194541
17.97663079183845,-16.899580975529815,1.0797630745878593,0.9202369254121409
18.025565517863527,-17.09437694194867,1.1001381608121519,0.8998618391878483
18.08051822516803,-17.28662730516849,1.121595961642656,0.878404038357344
18.129720805934266,-17.478741424947344,1.142309158945284,0.8576908410547162
18.173698539719318,-17.674815803422636,1.1590368756523595,0.8409631243476406
18.22250364682491,-17.868209877165892,1.1756538101701084,0.8243461898298917
18.2612614420671,-18.063285801985856,1.1880255638556183,0.8119744361443818
18.29964266740186,-18.25998824407343,1.196012748238643,0.8039872517613573
18.338206361333715,-18.455798917727343,1.1999873021329597,0.8000126978670407
18.37776299764105,-18.65207263298571,1.197928241232786,0.8020717587672143
18.42585830783149,-18.84624132700339,1.1910448393934656,0.8089551606065345
18.477462002383824,-19.03860985624293,1.1793043430058803,0.8206956569941197
18.52136489485024,-19.233347311512283,1.1605205167355734,0.8394794832644267
18.56522103309561,-19.42869305173409,1.1367438159117729,0.8632561840882274
18.61577041876382,-19.621847903031277,1.110470553098868,0.889529446901132
18.667284018258297,-19.814779126434463,1.0815472417723455,0.9184527582276545
18.715455195234988,-20.008747227469367,1.0496849439727518,0.9503150560272484
18.767005583279072,-20.201749650457252,1.0169969606330895,0.9830030393669107
18.82148121625105,-20.393895164569006,0.9844554554514171,1.0155445445485831
18.877483453829793,-20.585591844618758,0.9520735124012745,1.0479264875987258
18.93903601427766,-20.775766408110254,0.922872980306482,1.077127019693518
18.994994048647285,-20.967246000669498,0.8974059416395459,1.1025940583604543
19.03616394250871,-21.16298096758338,0.8723033709469865,1.1276966290530137
19.078648280118177,-21.35827030792577,0.8510115503793003,1.1489884496207
19.12643070779756,-21.551883731515254,0.8345673523267202,1.16543264767328
19.1754282372826,-21.745690702485827,0.8222204935344299,1.17777950646557
19.219613580891515,-21.94066823367696,0.8127001459535435,1.1872998540464568
19.26260595814218,-22.135501595127486,0.8061027778664664,1.1938972221335338
19.30584736000862,-22.33053657819022,0.802803933456051,1.197196066543949
19.343500517902346,-22.527031470007614,0.8009047607523045,1.1990952392476957
19.377882016808346,-22.72381391775399,0.8001161083643352,1.199883891635665
19.41071953903955,-22.920920472428215,0.8001236179186075,1.1998763820813927
19.44302229817027,-23.117824933983332,0.8003930868010064,1.1996069131989937
19.47640214262717,-23.31499676783314,0.8008193653067482,1.1991806346932519
19.50897225852301,-23.512193683680543,0.800960718309969,1.1990392816900313
19.544189621724886,-23.707689339508978,0.8007707374298406,1.1992292625701597
19.58280093740119,-23.904330013311327,0.8016437232772422,1.198356276722758
19.615532868929026,-24.101924582412387,0.8014808601967719,1.1985191398032282
19.649346426349265,-24.29869880805016,0.8018594619992228,1.1981405380007772
19.683624476056107,-24.494933158560027,0.8026792024012479,1.1973207975987523
19.723841065155,-24.6902433528459,0.8052185977074667,1.1947814022925334
19.76280110221631,-24.887136860986587,0.8087545499633094,1.1912454500366907
19.79898463063891,-25.083685124871113,0.8125545632128737,1.1874454367871263
19.838070636850404,-25.278960162037986,0.8180395073010696,1.1819604926989307
19.882507081513253,-25.473577238708558,0.8260782990877485,1.1739217009122516
19.928638751398477,-25.668485679914724,0.8363041604613328,1.1636958395386672
19.972587618720492,-25.863502936455607,0.8477516748678775,1.1522483251321227
20.01839476890593,-26.05743788233817,0.8610942161165785,1.1389057838834216
20.07253844086431,-26.24987373549097,0.878431147451742,1.121568852548258
20.12843205316826,-26.44191957780559,0.898907757264721,1.1010922427352792
20.183137460276246,-26.633835246874604,0.921065958806714,1.0789340411932862
20.242529094655076,-26.824748668613168,0.9473318278816589,1.0526681721183413
20.30263975596743,-27.015075841933108,0.9761480215076712,1.023851978492329
20.366711865048615,-27.20447858393529,1.0073164368112295,0.9926835631887707
20.433831334684548,-27.39320191762515,1.039928367756638,0.9600716322433622
20.503500468794087,-27.57992880297071,1.0743285319116347,0.9256714680883655
20.56651474058788,-27.769017090869358,1.106414328764054,0.8935856712359461
20.630829554941894,-27.958262718863207,1.136937586738298,0.8630624132617021
20.692809249932935,-28.147512871048118,1.1630076200770012,0.836992379922999
20.757262967338296,-28.33720641919687,1.1815868130348175,0.8184131869651828
20.833971247066415,-28.52193122607056,1.1943661917949815,0.8056338082050186
20.922555559758354,-28.70096721651611,1.1996087312900492,0.800391268709951
21.02163163613328,-28.87494260044192,1.1966020912287907,0.8033979087712095
21.12574419534446,-29.04501619259981,1.1864891196983263,0.813510880301674
21.22883990319606,-29.21535326109594,1.169902076372,0.8300979236280001
21.33756264662328,-29.383285218918104,1.1504212938345892,0.8495787061654108
21.45476559302717,-29.545298009058563,1.1305011285451558,0.8694988714548444
21.579425389309403,-29.70146617098709,1.1112175846168544,0.8887824153831456
21.711704700450124,-29.851306727996384,1.0948038020240336,0.9051961979759666
21.8496336382924,-29.995975231204856,1.0828619042035081,0.9171380957964921
21.991715935494433,-30.13593685588987,1.0776083528966605,0.9223916471033397
22.135247044120742,-30.274344299172373,1.0780910267966473,0.9219089732033531
22.284800646788337,-30.406925199910365,1.0840842671052155,0.9159157328947847
22.443481850386043,-30.528631547393434,1.0948662911746287,0.9051337088253715
22.6119312315396,-30.63586534934812,1.1110720957481268,0.8889279042518734
22.786098237913503,-30.73360939531335,1.1268258421522976,0.8731741578477026
22.967875553276933,-30.816350153949188,1.1467050379189399,0.8532949620810603
23.15218385890009,-30.892677325485206,1.1643726797115883,0.8356273202884119
23.3417029177474,-30.957346150602675,1.1754492708862256,0.8245507291137745
23.538218273831628,-30.992972962052285,1.188616254857752,0.8113837451422483
23.735135481426877,-31.01801124592832,1.1986639899923706,0.8013360100076297
23.934295997028592,-31.038402910056217,1.199107264299528,0.8008927357004721
24.13466446823979,-31.026836429588723,1.1921982875618125,0.8078017124381877
24.331357751985195,-30.994670136790862,1.1743081297887892,0.825691870211211
24.5262433578791,-30.95842623048216,1.1510736225143274,0.8489263774856728
24.722140904246853,-30.917477410583654,1.1265240755860577,0.8734759244139423
24.91273666541149,-30.8548199415157,1.101458616632238,0.8985413833677621
25.095697548775235,-30.774048093369526,1.0756938744321647,0.9243061255678354
25.27450164795307,-30.6859043572701,1.0492262443077467,0.9507737556922534
25.45283589713827,-30.597041608443323,1.0226060535526165,0.9773939464473838
25.630411704483095,-30.505154761660894,0.9978492628524895,1.0021507371475107
25.80615438102082,-30.410174857778124,0.9760632902932429,1.0239367097067573
25.981269882091496,-30.31435918712583,0.9569512099876751,1.043048790012325
26.156464628959704,-30.21800092848523,0.9401255209875864,1.0598744790124137
26.3306168910195,-30.11965288009362,0.9256071004569816,1.0743928995430185
26.50323011743195,-30.01890755649527,0.913173924403803,1.0868260755961971
26.67487652929459,-29.916452831187996,0.9022347983845287,1.0977652016154713
26.845604809246243,-29.812551836260017,0.8924597487068572,1.107540251293143
27.01535615006611,-29.707281366437474,0.8837210943479428,1.1162789056520575
27.184424586432943,-29.60112836414718,0.8758319443679072,1.1241680556320928
27.353738642017802,-29.494973637185048,0.8685408118590706,1.1314591881409295
27.525021384140867,-29.39066483181036,0.8607290009681023,1.1392709990318979
27.6962243590135,-29.28826133290016,0.8512854473656344,1.1487145526343658
27.863508633451485,-29.181519892560246,0.8416729766085557,1.1583270233914444
28.031220562459836,-29.073254826588666,0.8328415888223337,1.1671584111776665
28.2045908250443,-28.9726774848362,0.8253704435383288,1.1746295564616713
28.386957310753957,-28.89007564357267,0.8159077574746253,1.184092242525375
28.574695497853995,-28.821772485384454,0.8070439905950414,1.1929560094049587
28.764589347282747,-28.76145688860651,0.800171970504385,1.1998280294956152
28.956071818502352,-28.70445439798183,0.802558893988347,1.1974411060116532
29.1531098495458,-28.67124874148284,0.8016982037205487,1.1983017962794515
29.351398780954572,-28.64900098902229,0.8013905292909006,1.1986094707090995
29.550885902379008,-28.644258986437997,0.8,1.2000000000000002
29.750396575447837,-28.64918621256212,0.8024395915460414,1.1975604084539588
29.94873969078685,-28.67573072801966,0.818293667003047,1.1817063329969533
30.142094314947627,-28.72751709939414,0.8539890299600149,1.1460109700399852
30.329325019243814,-28.796387313787463,0.9056772881592242,1.094322711840776
30.517030754745594,-28.86054564944031,0.9641602397883247,1.0358397602116756
30.706496836018548,-28.924989745249825,1.021816858188444,0.9781831418115563
30.89383201271775,-28.99599066198249,1.0735527051131877,0.9264472948868125
31.07764789732622,-29.074782079035817,1.1169563790697148,0.8830436209302853
31.25739779895762,-29.162067078304236,1.1502424033786314,0.8497575966213688
31.43284275081548,-29.257541963118282,1.173475669537576,0.826524330462424
31.60399612720114,-29.360439894417006,1.188115826676815,0.8118841733231851
31.77118998952045,-29.46959550996267,1.196065792942442,0.8039342070575581
31.93530061101014,-29.583441001583214,1.1993186960248774,0.8006813039751228
32.098046707084904,-29.69940491920369,1.2000000000000002,0.8
32.26067608326399,-29.815449738635806,1.1999179690157464,0.8000820309842538
32.423049392957026,-29.931765740113075,1.199605118123907,0.8003948818760932
32.5852805525335,-30.04835341115287,1.199164831200852,0.8008351687991482
32.74762244406007,-30.164813274722807,1.19876662370273,0.8012333762972703
32.910045980087006,-30.281116444221514,1.1984357791767128,0.8015642208232874
33.07238129147874,-30.39753051471021,1.1980828236602235,0.8019171763397768
33.23469001975546,-30.514011815932488,1.1977086933720702,0.8022913066279299
33.39707573210444,-30.630391206244756,1.1973781766453475,0.8026218233546526
33.55950299650156,-30.746692339607076,1.1970915861424631,0.802908413857537
33.72188989514688,-30.863042689627573,1.1968112484842366,0.8031887515157634
33.8842603654529,-30.979434898504593,1.196529429719035,0.8034705702809651
34.04670535123345,-31.095728052886347,1.1962974048719286,0.8037025951280716
34.20919030867656,-31.211950412499373,1.1961174157652226,0.8038825842347777
34.371655031027046,-31.328197135528967,1.1959581149560095,0.8040418850439908
34.53410856402269,-31.444470171834904,1.195820491261573,0.804179508738427
34.696595317113676,-31.560686728236647,1.1957331913836307,0.8042668086163696
34.85909419240628,-31.67686251687087,1.1956755192662212,0.8043244807337789
35.02171123426076,-31.79292491759926,1.1955785915184323,0.8044214084815678
35.18487968613722,-31.90829213198873,1.195603626388496,0.8043963736115042
35.34852323832093,-32.022893836262185,1.1959411476363404,0.8040588523636598
35.51166925614213,-32.138037698128635,1.1962910530582072,0.8037089469417931
35.67398768749738,-32.254439756645084,1.1963133578317087,0.8036866421682917
35.836412309519105,-32.370837832726586,1.1963527040565674,0.8036472959434326
35.99951039653897,-32.486272644067306,1.1967021405272154,0.8032978594727848
36.16312515089002,-32.6009404726913,1.197249043887536,0.802750956112464
36.326813485184594,-32.71543344970968,1.1979174276417857,0.8020825723582146
36.48998451760513,-32.83057562400644,1.1985576271671814,0.8014423728328186
36.65256404276799,-32.9466458564496,1.1989982807603725,0.8010017192396276
36.8153664430666,-33.062569795394445,1.1994731594514392,0.800526840548561
36.978642630663565,-33.17770262744544,1.2000000000000002,0.8
37.140450261844656,-33.294607266761716,1.198479669070434,0.8015203309295662
37.29843011578907,-33.416761578495695,1.1911478421649657,0.8088521578350345
37.45201031855044,-33.544728189607966,1.1757157315621405,0.8242842684378596
37.6007607444486,-33.67805206228419,1.1522790526530526,0.8477209473469475
37.74160006408351,-33.81954856232712,1.1216079425750964,0.8783920574249038
37.86973113974433,-33.97334023575868,1.0832905962795623,0.916709403720438
37.986849231858216,-34.13532400112285,1.0391601474923553,0.9608398525076449
38.09867395816722,-34.30029703914881,0.9947480721377759,1.0052519278622243
38.19873165998912,-34.473263049725745,0.9496846207416776,1.0503153792583226
38.28048191203012,-34.65554806450815,0.9055403237484297,1.0944596762515704
38.337712960800225,-34.84679953365762,0.8668664697391234,1.1331335302608767
38.36441630933783,-35.044986032659835,0.8327009757942018,1.1672990242057983
38.35927295514169,-35.24434790778538,0.8079094951303443,1.192090504869656
38.31580443110574,-35.43850760366421,0.8,1.2000000000000002
38.23716131219104,-35.62076545533374,0.8190032049053704,1.1809967950946298
38.12513438070828,-35.78615351315302,0.866185531821209,1.133814468178791
37.983583802756606,-35.927922823198244,0.9323873617875671,1.0676126382124331
37.828891206543425,-36.05386758437116,1.0064120610316012,0.9935879389683988
37.66508643092994,-36.167674748696975,1.0681624520843402,0.9318375479156601
37.49295741691302,-36.26929340435584,1.1167303933960946,0.8832696066039056
37.31054060658817,-36.35074820248414,1.1527680236793583,0.8472319763206421
37.12214377098012,-36.417705455044974,1.1780499189139009,0.8219500810860992
36.92783971684903,-36.46298975654109,1.192548616410659,0.8074513835893413
36.73066877638407,-36.493775177306766,1.199084362845411,0.800915637154589
36.53169381817809,-36.513542801788894,1.2000000000000002,0.8
36.33228602368778,-36.53483999668453,1.1969873909308864,0.8030126090691139
36.13401338541521,-36.542229914634405,1.1903603020888571,0.809639697911143
35.93476146039179,-36.53018939952489,1.179576028237073,0.8204239717629271
35.734046876933036,-36.52912185318809,1.1660381999474478,0.8339618000525525
35.53483375782773,-36.54537001689663,1.1509859216461014,0.8490140783538987
35.33630815573624,-36.54627406900608,1.144193319013302,0.8558066809866981
35.13611710444337,-36.54905604906386,1.1406263356636535,0.8593736643363467
34.937377250484815,-36.57460805337048,1.1379344553104758,0.8620655446895245
34.739571778766745,-36.59375057182358,1.1423965291829767,0.8576034708170234
34.54137328110052,-36.62296739853381,1.1499229089907284,0.8500770910092719
34.34594810061581,-36.666588334911246,1.1572807231134734,0.8427192768865268
34.15125863573914,-36.70745377836123,1.163934444018718,0.8360655559812821
33.95667418631946,-36.7527292864114,1.1701247863830688,0.8298752136169312
33.76475243018489,-36.80829489525845,1.1758093365846123,0.8241906634153877
33.57727986497515,-36.87711093731567,1.1815056132480042,0.818494386751996
33.39455829299035,-36.957333131248014,1.187379422239055,0.8126205777609451
33.2190089025462,-37.05269863784692,1.192660016863094,0.807339983136906
33.05647887006702,-37.169257862985496,1.1959258482394302,0.8040741517605701
32.9131450813227,-37.308462283431,1.197330985416995,0.8026690145830052
32.789838133170235,-37.465139004608744,1.198442058552608,0.8015579414473921
32.682608189728214,-37.632956164422815,1.1991201292897296,0.8008798707102707
32.604930179892364,-37.81722536097498,1.2000000000000002,0.8
32.564348431327595,-38.0123971669771,1.1999320819342305,0.8000679180657697
32.561491905304074,-38.21182420590525,1.1994827882108337,0.8005172117891665
32.595806531026206,-38.40818394172779,1.1996462680997004,0.8003537319002998
32.66942656203699,-38.59354377177452,1.199977643915719,0.8000223560842812
32.78248516922356,-38.75773157076032,1.2000000000000002,0.8
32.92562407645272,-38.89644302528818,1.1999576102303213,0.800042389769679
33.09289154501567,-39.00505595859889,1.1989086493802548,0.8010913506197453
33.27477484086606,-39.08667552733442,1.1938966821474981,0.8061033178525021
33.46539213342537,-39.146729294028084,1.1843703676006443,0.8156296323993559
33.66291026039943,-39.18079147778934,1.1708921698594943,0.8291078301405059
33.860952629806555,-39.19710378217128,1.1531285457532003,0.8468714542467999
34.05912486583507,-39.219317527597624,1.131104184647305,0.8688958153526951
34.258681091502375,-39.234593194861326,1.1059761257580805,0.8940238742419198
34.45817987848136,-39.247564493915625,1.0771735069284156,0.9228264930715845
34.65815996854888,-39.26690764159646,1.042958446295897,0.9570415537041033
34.85688737821499,-39.2807053284797,1.00058440653093,0.9994155934690703
35.05571616539416,-39.29223954466693,0.9507127756572327,1.0492872243427676
35.25522247634716,-39.3090173743886,0.8979947974049424,1.1020052025950577
35.45207058735796,-39.344986353665774,0.8476371383787015,1.1523628616212989
35.64507337992334,-39.3925937862949,0.8099653729354528,1.1900346270645474
35.83376052507228,-39.457911820449205,0.8000005711966218,1.1999994288033784
36.010791955067624,-39.549444405262676,0.8195108094288789,1.1804891905711212
36.176781468643384,-39.66075190865844,0.8566897672859712,1.143310232714029
36.32708424310155,-39.79198597159105,0.90471697091119,1.0952830290888103
36.46718678720536,-39.93471096285092,0.9661726108562019,1.0338273891437981
36.58482569266941,-40.09589848858831,1.0252847903089588,0.9747152096910414
36.68166353508744,-40.27053638404985,1.0795082021089604,0.9204917978910397
36.76896017117568,-40.450263869174975,1.1282365431851167,0.8717634568148835
36.843998834422074,-40.63540985948435,1.1660867797822245,0.8339132202177756
36.908303721131944,-40.82486591383606,1.1924727131522528,0.8075272868477472
36.95174601251115,-41.0194263857161,1.199565523087406,0.8004344769125942
36.97478608091672,-41.21743910912461,1.1873076442277672,0.8126923557722329
36.97664762619428,-41.41726890018072,1.155373461818415,0.8446265381815852
36.96186504776519,-41.61696825893465,1.1100926180387667,0.8899073819612335
36.93575248260572,-41.814915726895585,1.0552512804767107,0.9447487195232894
36.89680376022928,-42.010489347531845,0.9910044304178063,1.008995569582194
36.83756360389231,-42.20145490731821,0.9154495261294238,1.0845504738705765
36.748273935028706,-42.380762280583795,0.8478483136805728,1.1521516863194274
36.640783569346105,-42.5490874077717,0.8071606081497555,1.1928393918502445
36.5139203778593,-42.7016714032465,0.8,1.2000000000000002
36.36615244431344,-42.83588284836826,0.8238317386948792,1.176168261305121
36.19752622194728,-42.94268584293526,0.8625352635767427,1.1374647364232575
36.01645425722773,-43.02635250334719,0.9094364341757304,1.0905635658242698
35.82824369525828,-43.09330057327001,0.9633835390366452,1.036616460963355
35.63403502463337,-43.139371501345906,1.0181764606155594,0.9818235393844406
35.438078258586074,-43.17695428671814,1.0690901675255755,0.9309098324744247
35.24129114835082,-43.21538566989146,1.1155233668908742,0.884476633109126
35.042541831440595,-43.23286254352136,1.1507263787996926,0.8492736212003074
34.84305514294273,-43.24141338009003,1.176242489396417,0.8237575106035833
34.64362231146408,-43.2289805708546,1.1933222362476918,0.8066777637523084
34.44471926169172,-43.21352345834718,1.1997977315610389,0.8002022684389613
34.247505668167555,-43.183020947738996,1.1970512243357878,0.8029487756642124
34.05037321699058,-43.14830813539361,1.1896001207863076,0.8103998792136926
33.85148631975279,-43.130583276473914,1.197350117523671,0.8026498824763293
33.65404190432914,-43.10053886196439,1.199010945930886,0.8009890540691141
33.4561672323113,-43.0733220526952,1.1997419758630794,0.8002580241369207
33.2599864202278,-43.03623290298027,1.195326814110018,0.8046731858899823
33.064278337644105,-42.99561641332587,1.1899913695365485,0.8100086304634516
32.8684791784524,-42.95594379561452,1.1886437544177848,0.8113562455822154
32.67252160184829,-42.91699641914071,1.1868240186988126,0.8131759813011876
32.476035110790804,-42.88098607738245,1.1888281982570001,0.8111718017430001
32.28032145760718,-42.84094215424268,1.1885069118716896,0.8114930881283107
32.08459563556583,-42.80096827731785,1.1906588579395532,0.809341142060447
31.889711947825877,-42.75703279405335,1.1913009792375249,0.8086990207624752
31.694756087116026,-42.71337747024257,1.1928373002280481,0.8071626997719522
31.499860159692506,-42.66953345090406,1.1954858634973733,0.8045141365026268
31.305604846920414,-42.622890217274275,1.1962057406004174,0.8037942593995826
31.11132878873482,-42.576332724552856,1.1979347074562392,0.8020652925437609
30.917353827937234,-42.52856914535323,1.1999996986294332,0.800000301370567
30.724609892486953,-42.47605379519392,1.1999054872698345,0.8000945127301657
30.532489252041646,-42.421284933273455,1.1998831835891195,0.8001168164108807
30.341009179296005,-42.364321254766836,1.198014258690232,0.8019857413097682
30.148988138158956,-42.30919134675041,1.1976057305900414,0.8023942694099587
29.95764122013311,-42.25178095791295,1.194720441286912,0.8052795587130882
29.766413913064756,-42.19391840483205,1.1922712215081277,0.8077287784918726
29.576428773628123,-42.13226356112724,1.1890973794208932,0.810902620579107
29.388848675910616,-42.063566851252936,1.1817640730302896,0.8182359269697105
29.201110789138184,-41.99523900551879,1.1765532615225807,0.8234467384774194
29.01412126101739,-41.924916484801926,1.1691393580100657,0.8308606419899344
28.827176861414014,-41.854461124534794,1.1613676700364444,0.8386323299635559
28.64010824991252,-41.784306517363376,1.1535509106072792,0.8464490893927209
28.453907573031508,-41.71201109348802,1.1455732481312173,0.8544267518687829
28.270590495155886,-41.63266784667861,1.1338962868845364,0.8661037131154639
28.088358016692126,-41.550738409846865,1.1215119412244074,0.8784880587755926
27.905113118459173,-41.471223876003194,1.1117854309859787,0.8882145690140216
27.72415564125283,-41.38659102974108,1.0982828632389323,0.9017171367610678
27.544750785504196,-41.2986413531982,1.0837911607360284,0.9162088392639717
27.365273940127693,-41.2109043647864,1.0691446158254019,0.9308553841745983
27.185513145650287,-41.12387563083995,1.054702715914233,0.9452972840857672
27.006393401239606,-41.035453602161276,1.0404438513894734,0.9595561486105267
26.830918511110863,-40.93973026361153,1.022260420920968,0.9777395790790322
26.656327067514354,-40.842737542312875,1.0049571279926646,0.9950428720073355
26.481070842455104,-40.74704555310888,0.9892770636273699,1.0107229363726302
26.30757384935068,-40.647909537158434,0.9723572577643226,1.0276427422356775
26.13661888987275,-40.544405245388745,0.9546474247704242,1.0453525752295758
25.96683057246103,-40.43908327048611,0.9371664830068797,1.0628335169931205
25.797062696205487,-40.33385753742635,0.9197482709958547,1.0802517290041456
25.62581158583882,-40.23109958417091,0.9035259007708144,1.0964740992291857
25.453686477651182,-40.1296960670351,0.8886555303612356,1.1113444696387647
25.28287364201092,-40.02607228577187,0.874138208762719,1.1258617912372813
25.114622826057055,-39.918348305864505,0.8593796333796677,1.1406203666203325
24.947565563174674,-39.80882537784472,0.8459131614096579,1.1540868385903424
24.780497375075814,-39.699294925999325,0.8341888644552305,1.1658111355447696
24.613726818450907,-39.58932031037823,0.8235186816803932,1.176481318319607
24.44697755158135,-39.479415431959275,0.8144869999568192,1.185513000043181
24.28003205794859,-39.36964422872668,0.8076912892163768,1.1923087107836234
24.11437733165472,-39.258116896262635,0.8020064281158242,1.1979935718841759
23.949215068943435,-39.14573542064468,0.8001234346545033,1.1998765653454968
23.787501676522,-39.028227438685406,0.8009316963892504,1.1990683036107497
23.63556515926595,-38.89846495911692,0.8002513432503928,1.1997486567496072
23.487381626639834,-38.76463069492318,0.8032632803582478,1.1967367196417522
23.34075853879281,-38.62900709474066,0.8093071359802608,1.1906928640197392
23.197170245700963,-38.489883841622635,0.8159941015523979,1.1840058984476023
23.056812033543345,-38.347641944449435,0.8231185434443493,1.176881456555651
22.91634404623147,-38.20583327475918,0.8321269193040468,1.1678730806959532
22.774188981469774,-38.065662199040666,0.8422324427306386,1.1577675572693615
22.631141974800045,-37.92620365474721,0.8526217579951534,1.1473782420048466
22.48862215239655,-37.78610853773447,0.8629665610625121,1.1370334389374879
22.3473890381545,-37.64466584967596,0.8730551966004693,1.1269448033995308
22.2078057170484,-37.50188073231146,0.8827012228656073,1.117298777134393
22.068821276755653,-37.358550398052735,0.8922582441387357,1.1077417558612646
21.93111837298478,-37.21359646210306,0.9010014052072676,1.0989985947927325
21.795892415974492,-37.0664092994666,0.9084188179910593,1.091581182008941
21.662683165929224,-36.91775149833753,0.9147532352559542,1.085246764744046
21.530402652188794,-36.76813777016754,0.9202506159485142,1.0797493840514858
21.40004830073894,-36.61649399280455,0.9243748604968888,1.0756251395031113
21.272553518783,-36.462614428886035,0.9270065983710647,1.0729934016289355
21.14671461933957,-36.30772299976457,0.9287467391199813,1.071253260880019
21.021371392647826,-36.15226543237861,0.9298707480090558,1.0701292519909444
20.897763114700467,-35.995035643818916,0.9298834094788435,1.0701165905211567
20.777277414415664,-35.835674021300285,0.9286173911632356,1.0713826088367646
20.658229721991496,-35.675484628476504,0.9268622962952284,1.0731377037047718
20.540133942536993,-35.514166567718796,0.924498666478651,1.0755013335213492
20.424869472293523,-35.350991637594824,0.9210178787273304,1.0789821212726698
20.310503146609005,-35.18747543280926,0.9173536449893701,1.08264635501063
20.19723333215751,-35.022751262324924,0.9133157813083702,1.0866842186916301
20.087996187385905,-34.85521988973668,0.9082042213330599,1.09179577866694
19.98201827157816,-34.6860117647683,0.9025420929622653,1.0974579070377348
19.876203929737965,-34.516756804809496,0.8969619983287849,1.1030380016712154
19.771029463608897,-34.34677724971304,0.8910568798411631,1.1089431201588371
19.667897214821778,-34.17564626797241,0.8846018650935648,1.1153981349064352
19.565418748825024,-34.0044575411857,0.878304470182013,1.1216955298179871
19.462762153392205,-33.83297050119784,0.8723847003010715,1.1276152996989286
19.36570674807385,-33.65790160194537,0.8654914466973819,1.1345085533026182
19.274247923031556,-33.48069450356202,0.8583032533481556,1.1416967466518446
19.17857739493936,-33.305468027601975,0.8526137397947327,1.1473862602052676
19.088099148210517,-33.12695436968398,0.8458086875064221,1.154191312493578
19.000307757825688,-32.94800173179736,0.8394522015445018,1.1605477984554984
18.909532140870727,-32.77006821852511,0.8345365024118871,1.165463497588113
18.827042114456123,-32.5874451807952,0.8283271156208665,1.1716728843791337
18.748767142275828,-32.40388034317276,0.8223326814386582,1.177667318561342
18.665529876130694,-32.223120915048604,0.8182589739233702,1.18174102607663
18.579456202253667,-32.042494640953564,0.8151713516546621,1.184828648345338
18.50413631435965,-31.85703477571747,0.8111354379351453,1.1888645620648548
18.434165860956536,-31.669691429881905,0.8076432367359373,1.1923567632640628
18.36559169180932,-31.482193819532565,0.804687350363346,1.1953126496366542
18.292715831044372,-31.297241307705036,0.8031207794904829,1.1968792205095171
18.21358171193324,-31.11348515390549,0.802759761268627,1.1972402387313732
18.14330193667492,-30.92590443729434,0.8011122895575912,1.198887710442409
18.07599135847141,-30.738106592386735,0.8003132190862723,1.199686780913728
18.00991881120421,-30.54965821638274,0.8001882303197303,1.19981176968027
17.946824199326866,-30.360083570504614,0.8002853954140614,1.1997146045859388
17.887635675741986,-30.169095503872256,0.8003149128212215,1.1996850871787788
17.833016030493585,-29.976851676595537,0.8000877788238895,1.1999122211761106
17.777958011280365,-29.78525771225248,0.8007652540100838,1.1992347459899164
17.72216343708487,-29.593375979047334,0.801812271319305,1.1981877286806952
17.671897569881605,-29.39951757201957,0.8018052069174516,1.1981947930825485
17.624401025845827,-29.205877818067354,0.8021255028476397,1.1978744971523603
17.57387269700821,-29.01310448347203,0.8037170256558966,1.1962829743441035
17.527393633917914,-28.818069973236472,0.8043809753748455,1.1956190246251546
17.488559561528195,-28.621545880572913,0.8039641197910347,1.1960358802089655
17.44834474114329,-28.426895675950245,0.8046147718276638,1.1953852281723363
17.402355926924077,-28.2330435685296,0.8062830009659654,1.1937169990340348
17.359339618157396,-28.036945892925768,0.8068710508832422,1.193128949116758
17.32368095467715,-27.840152301005492,0.8066157701449765,1.1933842298550237
17.286932209893326,-27.644762976312702,0.8075717557563143,1.1924282442436858
17.25003827715953,-27.447796821207405,0.8082932187458594,1.1917067812541409
17.219144412562848,-27.25014135044248,0.8081986351176059,1.1918013648823942
17.185680561252507,-27.053814009273125,0.808935007512048,1.1910649924879522
17.15252899832061,-26.85675560781398,0.8095025805710364,1.1904974194289637
17.118868511746715,-26.659606039651223,0.8101485675167984,1.1898514324832017
17.08744041714277,-26.46264567409567,0.8106913476121651,1.1893086523878351
17.053962418893207,-26.265439065079388,0.8116539876688406,1.1883460123311598
17.02523485212237,-26.067167709791693,0.8116131779263539,1.1883868220736462
16.992931945401384,-25.871801049354694,0.8128659005640183,1.1871340994359818
16.957774460098022,-25.673833658555374,0.8132875571649593,1.1867124428350408
16.931604648442367,-25.475882343349582,0.8124704776741556,1.1875295223258446
16.8976021567115,-25.279857706489572,0.81276043847392,1.1872395615260802
16.87066747839316,-25.080788000130827,0.8115046731962183,1.188495326803782
16.841556432016063,-24.88374962568488,0.8110113793998288,1.1889886206001714
16.81142249895427,-24.6867436283749,0.8102970581802151,1.189702941819785
16.777096693779544,-24.49032217725459,0.8104659890223118,1.1895340109776882
16.746528510664998,-24.291541234253707,0.8094741414741299,1.1905258585258702
16.72204956054265,-24.093827190579056,0.8081641835935448,1.1918358164064553
16.688928598171188,-23.897577274903664,0.8076164617723585,1.1923835382276415
16.65982682828559,-23.69919815794078,0.806199283829692,1.1938007161703081
16.629352271893804,-23.50203504929142,0.8052589175716967,1.1947410824283036
16.599403000911213,-23.304668005407677,0.804308529843638,1.1956914701563621
16.56883622381145,-23.106928104068544,0.8035348549730653,1.1964651450269348
16.541562812766752,-22.908865588959962,0.8024315202277403,1.1975684797722599
16.510532857109762,-22.712426823504835,0.8020054341086769,1.1979945658913234
16.47627941779258,-22.515249574736416,0.8016746858591783,1.1983253141408219
16.450946641316442,-22.31610383337559,0.8005548631942276,1.1994451368057726
16.424827333066194,-22.119101157202575,0.8,1.2000000000000002
16.388301920140183,-21.922974830790203,0.8008429631756647,1.1991570368243354
16.353038091868992,-21.72572269659396,0.804434159754629,1.1955658402453713
16.313493137001537,-21.530181598448237,0.8144471350506667,1.1855528649493334
16.264665109588062,-21.336492967444645,0.8335985897008591,1.166401410299141
16.207483052110007,-21.145030904838094,0.8630444504530045,1.1369555495469956
16.13731649595895,-20.957720321637485,0.9021963168988485,1.0978036831011517
16.060171087948582,-20.773122197288746,0.9495810748818994,1.0504189251181009
15.974833129858464,-20.593104488817474,1.0045367468889606,0.9954632531110397
15.882660804488518,-20.416181216590875,1.0616345834005798,0.9383654165994203
15.772791936454782,-20.248648196714107,1.1107677204475832,0.889232279552417
15.64295507956354,-20.095865664035163,1.1506335892847475,0.8493664107152528
15.500931620807743,-19.956229773558842,1.1819002401914251,0.8180997598085751
15.347744410738006,-19.829570057440637,1.198406712441699,0.8015932875583012
15.186674445227466,-19.71205961166124,1.1838045058498285,0.8161954941501717
15.021452616172681,-19.59922694209918,1.1195217805396065,0.8804782194603935
14.84647234779733,-19.502475116665234,1.027814571593844,0.9721854284061562
14.680281406409113,-19.390942872526406,0.9201210739425864,1.0798789260574138
14.521478453581521,-19.269876423093734,0.8026888365558523,1.1973111634441478
14.38207921670699,-19.130623921759653,0.8860563864363966,1.1139436135636034
14.243577735553826,-18.984610170806068,0.9813680019663247,1.0186319980336755
14.128190929460258,-18.822861060585033,1.0619517947747619,0.9380482052252382
14.024910415026271,-18.649515084025985,1.1273565723778052,0.8726434276221948
13.947865002678412,-18.46556497537892,1.1723776439144695,0.8276223560855306
13.900310686976331,-18.272118938549177,1.1946284295522975,0.8053715704477027
13.875555054395162,-18.074056030691352,1.1961446337525057,0.8038553662474944
13.875442007239121,-17.874397236303878,1.173737923592836,0.8262620764071641
13.889918627447638,-17.67488405242881,1.1351203679200537,0.8648796320799466
13.910472888986714,-17.476382000514175,1.0851075221844018,0.9148924778155985
13.943736129921144,-17.279396323202068,1.0258220843606094,0.9741779156393906
13.969156901787024,-17.081041760656916,0.9734127881020476,1.0265872118979527
14.000554204893282,-16.884048386849983,0.9350705241430739,1.0649294758569263
14.049970473711737,-16.690734598824577,0.9195838257057112,1.080416174294289
14.109099892092047,-16.499610133511997,0.9257325393961098,1.0742674606038904
14.147357561550656,-16.30395655798504,0.960494284409688,1.039505715590312
14.176331497851713,-16.105950288862612,1.0083230384633546,0.9916769615366456
14.209237058283835,-15.909097439606674,1.0601687639963295,0.9398312360036706
14.251536864083912,-15.713849443211164,1.1087110387780252,0.8912889612219748
14.286588148401728,-15.517109169964595,1.1552753830406168,0.8447246169593834
14.318338226607775,-15.319897942004024,1.1867017730418168,0.8132982269581834
14.341333365561571,-15.121251585212494,1.2000000000000002,0.8
14.356387999375741,-14.922415594368358,1.1960256996859688,0.8039743003140314
14.379085790826931,-14.724280015182305,1.1669397493822642,0.833060250617736
14.390159290021238,-14.523579205814087,1.128910037449812,0.871089962550188
14.39562181549581,-14.325282392654822,1.0858649484313425,0.9141350515686577
14.416464529653112,-14.127124276915167,1.0343755256634584,0.9656244743365417
14.431370122149964,-13.926940436487365,0.9903438362537157,1.0096561637462846
14.444885025721554,-13.727862562402155,0.948841982677901,1.0511580173220991
14.454843826748583,-13.52805389645588,0.9124777360040542,1.0875222639959459
14.459203100119849,-13.328275465767804,0.8820316931467941,1.117968306853206
14.456917364529266,-13.128594706460918,0.8582826746966622,1.141717325303338
14.447664495285204,-12.92909834004723,0.8406888439105651,1.1593111560894351
14.435189060368431,-12.729762851771195,0.8280043742228174,1.1719956257771829
14.41896966858886,-12.530542716047963,0.8187717288440644,1.1812282711559359
14.401401781071096,-12.3314907755397,0.8092363788946116,1.1907636211053885
14.37876337778149,-12.133131477205033,0.8031203735104782,1.196879626489522
14.3552157332167,-11.934974114656708,0.8006260525921904,1.1993739474078098
14.32401271823727,-11.737556571591881,0.8019726105032857,1.1980273894967144
14.298409032705976,-11.539298766218502,0.8003882866252802,1.19961171337472
14.271078070444858,-11.341432231159864,0.8012853945018651,1.198714605498135
14.246991199766605,-11.143151480504734,0.8005742111746085,1.1994257888253916
14.219947198533973,-10.94515505842493,0.8020727364565331,1.197927263543467
14.196054174499237,-10.746888782440301,0.8008547469020466,1.1991452530979536
14.16761357711618,-10.54932153371536,0.8023260199601516,1.1976739800398486
14.140559981236231,-10.351047595313062,0.8022650304688141,1.197734969531186
14.115601094488683,-10.153094124305856,0.801093052760495,1.198906947239505
14.086140884166008,-9.955367381610753,0.8021636046123599,1.1978363953876403
14.059946471754397,-9.757330227227014,0.8003567335460777,1.1996432664539225
14.027961243839787,-9.560395022522563,0.8010553391306806,1.1989446608693195
13.995587767285471,-9.363073143169022,0.8007006533919582,1.199299346608042
13.962153137064394,-9.166113551395453,0.8006008363356256,1.1993991636643746
13.928671983683529,-8.969240084582944,0.8001143855786714,1.1998856144213288
13.893628155427539,-8.77255304084334,0.8007154837696083,1.1992845162303918
13.859589058241705,-8.575459912437905,0.8011463597806504,1.1988536402193497
13.827989693872995,-8.378425851855686,0.8007685935134324,1.1992314064865677
13.78937956002963,-8.182552798655164,0.8045915223067008,1.1954084776932994
13.748984538229466,-7.98669607521506,0.8102830239244915,1.1897169760755086
13.707520667569376,-7.791301973975325,0.8188679162664735,1.1811320837335266
13.660795982929987,-7.597165605666008,0.8334875051146768,1.1665124948853234
13.607309290778662,-7.404648779151191,0.8545508048237376,1.1454491951762624
13.548171842507578,-7.2137703110263125,0.8818427807627126,1.1181572192372875
13.483124589727618,-7.024804041967645,0.9147439269964436,1.0852560730035565
13.416437828370832,-6.836569501076863,0.9506142390759933,1.049385760924007
13.344520767790105,-6.650167479636095,0.9897448962498414,1.0102551037501588
13.268329674542796,-6.46554970215542,1.0300771055297449,0.9699228944702554
13.183994515604684,-6.284543810576883,1.0713160616579724,0.9286839383420277
13.09631733113489,-6.105046531060127,1.1078820785104293,0.8921179214895708
12.993072890269282,-5.933906370214108,1.1427302586023635,0.8572697413976367
12.877560985528302,-5.770785476312619,1.171472041790447,0.8285279582095533
12.754019505976867,-5.613843870549117,1.1911271172533673,0.808872882746633
12.62288252241914,-5.46349771263582,1.2000000000000002,0.8
12.486103031340667,-5.318413945689553,1.1956276006701487,0.8043723993298515
12.341570523191931,-5.180374449551333,1.1793151758991542,0.8206848241008458
12.185460502098703,-5.055461962976342,1.1554810551971828,0.8445189448028173
12.019523477761023,-4.944041383872041,1.1260776786728233,0.8739223213271768
11.847802254157408,-4.842124858906008,1.0919216650524155,0.9080783349475847
11.672279880267482,-4.747145666173693,1.0549856746334012,0.945014325366599
11.49341022656295,-4.657986801704197,1.01736503796064,0.9826349620393602
11.312001476312789,-4.574829732951397,0.9811339210737384,1.0188660789262618
11.13005914447897,-4.493021076544868,0.9452831569856698,1.0547168430143303
10.945840549652985,-4.41454381603595,0.9115671452110745,1.0884328547889255
10.758100398664942,-4.346093807388158,0.883364655243832,1.116635344756168
10.568274798431725,-4.284063465042578,0.8593034460176099,1.1406965539823903
10.376891151959166,-4.226268942117109,0.8390856709049241,1.160914329095076
10.183336446013485,-4.177045442894377,0.8246196357015627,1.1753803642984375
9.988381406847108,-4.133517917592245,0.8137657481810134,1.1862342518189868
9.792151391486323,-4.097140336070008,0.8069186529924408,1.1930813470075594
9.59478822593138,-4.065622462879447,0.8028163104099724,1.1971836895900279
9.39740042095629,-4.0349437039437115,0.8002396557113384,1.199760344288662
9.199602583348081,-4.0070447065352806,0.8008356196755301,1.19916438032447
9.001889046968802,-3.9772184323282733,0.8006762463771353,1.199323753622865
8.803449900537062,-3.9537373402677343,0.8009030384317275,1.1990969615682727
8.605008473350297,-3.9322668603402753,0.8030432283063399,1.1969567716936602
8.406454518798546,-3.9191250127495803,0.8128933583531,1.1871066416469003
8.205980390734544,-3.918582410914593,0.8291757593779421,1.170824240622058
8.006594641647103,-3.9089799298321055,0.8423661046482714,1.1576338953517287
7.80722774064335,-3.9126698751786333,0.8622940419208982,1.137705958079102
7.60768362825717,-3.9292572410819693,0.8885540263348385,1.1114459736651616
7.408715246624819,-3.934566404722181,0.9140623930323359,1.085937606967664
7.209206206441794,-3.95063699996347,0.9471770672662068,1.0528229327337935
7.0123821125036265,-3.9873629544374602,0.9905056738977097,1.0094943261022904
6.8162992089299435,-4.022778350239114,1.0426671455230425,0.9573328544769576
6.620046004932737,-4.062612921012521,1.1038996984554572,0.896100301544543
6.425828353900536,-4.106204107580732,1.156855301928302,0.843144698071698
6.230424437154436,-4.147092672019147,1.1889148142776298,0.8110851857223704
6.037284782817316,-4.198555826976008,1.198429411731983,0.8015705882680173
5.8455439057322796,-4.252334929611096,1.1759021971630679,0.8240978028369322
5.651832513559978,-4.302278399224116,1.1184858570248926,0.8815141429751074
5.460751144150955,-4.360746122824564,1.035811460394295,0.9641885396057052
5.272648086450137,-4.429783702954512,0.9455426027470352,1.054457397252965
5.085151867240651,-4.4979297059166745,0.8696132556396861,1.130386744360314
4.895299036574808,-4.56043618533511,0.8214825975834377,1.1785174024165626
4.703482876913847,-4.618766206434024,0.8022191102196836,1.1977808897803164
4.513201976978843,-4.678049940100058,0.8109202595327226,1.1890797404672775
4.322735481125967,-4.740167919337944,0.8404735381991708,1.1595264618008294
4.134781072554998,-4.805628110625536,0.8829995064366193,1.1170004935633808
3.9537063078253794,-4.8848947185917035,0.9354730717439287,1.0645269282560714
3.771565538919349,-4.969936343619745,0.9889696544124305,1.0110303455875695
3.585637997609525,-5.045226914140791,1.035974066764656,0.964025933235344
3.399319730636143,-5.116657137525623,1.080165958794371,0.9198340412056291
3.2105913453154584,-5.182397236642567,1.1177481871009312,0.8822518128990692
3.0196650858865723,-5.2411953776228986,1.148003694283572,0.851996305716428
2.827344900362472,-5.295382077526876,1.1722492510328482,0.8277507489671521
2.632795435785267,-5.3399733330965296,1.1880135550504993,0.8119864449495009
2.4367000829753946,-5.377928266712989,1.1971888771379873,0.802811122862013
2.2394188832007296,-5.409282016800422,1.1991359271696718,0.8008640728303282
2.0411526341989727,-5.434631212399051,1.1943718628761752,0.805628137123825
1.8425590758108696,-5.453603385505322,1.182743570115072,0.8172564298849284
1.642920458740798,-5.4605637242796945,1.1610782787785192,0.838921721221481
1.4430204658454306,-5.461546110074066,1.1323922896567162,0.8676077103432839
1.2434554088126835,-5.4591929875654746,1.0980759489926077,0.9019240510073926
1.043621274190973,-5.444526038370357,1.0546209505197133,0.945379049480287
0.8448860362168714,-5.426687383522111,1.0080470031005788,0.9919529968994212
0.6452237403583067,-5.409145622930946,0.9598582950436514,1.0401417049563486
0.4475789369904795,-5.384253329188272,0.9046815510420958,1.0953184489579044
0.2495192856228019,-5.373052456447024,0.8585599674724533,1.1414400325275469
0.04926452356048432,-5.358337752508505,0.8248959968254522,1.1751040031745479
-0.14779642913113533,-5.32599839467157,0.8046419308609442,1.195358069139056
-0.3444365838956191,-5.290560631658848,0.7999999999999998,1.2000000000000002
-0.5393815732508649,-5.246894152299743,0.8052291002653074,1.1947708997346929
-0.7342915418021974,-5.206491079209669,0.8255348634023931,1.174465136597607
-0.9313027939808056,-5.172528375975562,0.8580933748302588,1.1419066251697414
-1.1282970251817592,-5.13647134296912,0.8972338275070408,1.1027661724929594
-1.323556266748163,-5.0945318951990926,0.9399769184789285,1.0600230815210716
-1.5185713081694658,-5.050219189728147,0.9861774096037708,1.0138225903962295
-1.7133586559602585,-5.0058405714778065,1.0353097688788007,0.9646902311211994
-1.9061457079912238,-4.95551237953948,1.081302499713484,0.9186975002865163
-2.099003886153748,-4.902776392882089,1.1206145514338515,0.8793854485661488
-2.2943321358190185,-4.860133189853147,1.1543197774763967,0.8456802225236035
-2.4920403659953196,-4.8315106086758,1.1801767248298973,0.8198232751701028
-2.690598732205878,-4.809543311208378,1.1933957528721182,0.806604247127882
-2.8903263448047167,-4.799450038019963,1.1991277600350658,0.8008722399649343
-3.08956991297821,-4.796090408917105,1.2,0.8000000000000002
-3.289240068095591,-4.795754936051286,1.1951490514834906,0.8048509485165096
-3.488366596402698,-4.814317600725233,1.1924107158159836,0.8075892841840165
-3.685828268375949,-4.843794723077206,1.1890360982843207,0.8109639017156793
-3.8822310302145793,-4.880229097547152,1.1830195737958809,0.8169804262041193
-4.075767540357979,-4.929669647274662,1.1791827058402289,0.8208172941597713
-4.2680765512829115,-4.983492005601892,1.1735150625055963,0.8264849374944037
-4.45716618481949,-5.04806554865168,1.1676394262156489,0.8323605737843514
-4.641329876123018,-5.125252358420805,1.1630590232353297,0.8369409767646704
-4.821603511913524,-5.2115808369417,1.156875074199736,0.8431249258002642
-4.9942897984775145,-5.31247326387992,1.1527044166291067,0.8472955833708935
-5.163531553431431,-5.4177535007049205,1.1488625202237064,0.8511374797762937
-5.332026758955903,-5.524861587861738,1.1441353104257543,0.8558646895742457
-5.497181230889333,-5.638126865705438,1.1404053880805014,0.8595946119194988
-5.657265538971045,-5.757234874843475,1.1380939285302654,0.8619060714697346
-5.815306357444648,-5.87841785789854,1.1355705861063985,0.8644294138936016
-5.970739588982213,-6.005016188309295,1.1330042628380246,0.8669957371619756
-6.119427770436042,-6.138997697721168,1.1323864900739877,0.8676135099260123
-6.264498058523593,-6.27547637230929,1.1321590809327757,0.8678409190672243
-6.408162082905907,-6.414075390294276,1.131846720750698,0.8681532792493023
-6.549356711965071,-6.555404546154547,1.1321134717033527,0.8678865282966475
-6.687415031740401,-6.699739014206204,1.1327625320005672,0.867237467999433
-6.821338245844535,-6.848023484631859,1.133783715308788,0.8662162846912123
-6.949993376389292,-7.001094345697704,1.135312872488747,0.8646871275112533
-7.072314846322374,-7.159278163118937,1.1377880552986877,0.8622119447013126
-7.189204666328203,-7.321044505576132,1.140722295177399,0.8592777048226012
-7.302064581132912,-7.4856440973366745,1.1435410931930403,0.8564589068069599
-7.41007203869977,-7.6543173366267405,1.1472160668302072,0.8527839331697928
-7.5126490078270525,-7.826291128212156,1.1527038144680304,0.8472961855319696
-7.614356514761537,-7.997401183492015,1.1586157941979205,0.8413842058020797
-7.71920412248391,-8.166910165227982,1.1641203084988447,0.8358796915011556
-7.824679550356191,-8.336793924710705,1.1702593409196544,0.8297406590803457
-7.928776548700553,-8.507303793156892,1.1766637070892845,0.8233362929107158
-8.030899690059329,-8.679043163097488,1.1823161309722148,0.8176838690277854
-8.128690526825272,-8.853657101084206,1.1884046905404344,0.8115953094595658
-8.222382120004546,-9.029989325541385,1.1955968482126642,0.8044031517873361
-8.318434566700201,-9.204701419841161,1.1995952471664002,0.8004047528335999
-8.415258277635827,-9.379606593653444,1.2000000000000002,0.8
-8.506956599287024,-9.55735880864097,1.1983395344647545,0.8016604655352457
-8.59711559493806,-9.735490501045522,1.189737847956761,0.810262152043239
-8.694313173627378,-9.909888688421212,1.167611654913259,0.8323883450867413
-8.798231935628664,-10.080689609974506,1.13245220734758,0.86754779265242
-8.902948909652485,-10.25077138711852,1.0897613928610266,0.9102386071389736
-9.012289263063607,-10.417996829482027,1.0409645416265545,0.9590354583734457
-9.133984103478939,-10.576336409485691,0.9865553250034674,1.0134446749965327
-9.271348348519291,-10.721356279056353,0.9305001591158648,1.0694998408841352
-9.421341861815604,-10.853282955271357,0.8811634336829857,1.1188365663170146
-9.587444855910814,-10.964745958833543,0.84039941440299,1.1596005855970102
-9.765262334297047,-11.055212785456737,0.8110867251351448,1.1889132748648554
-9.949064805268153,-11.132270912892556,0.800329609273935,1.199670390726065
-10.143917926900313,-11.175185217316466,0.8039394696345579,1.1960605303654424
-10.343157690211594,-11.180951018391816,0.8099073832537652,1.190092616746235
-10.53800401520802,-11.139824308566658,0.8011902600078866,1.1988097399921136
-10.717972900612937,-11.056059448259338,0.81552856346261,1.18447143653739
-10.880992378399792,-10.941301405007755,0.8535016424248922,1.146498357575108
-11.022957763492592,-10.79997602998132,0.8997233358458878,1.1002766641541124
-11.141079212734358,-10.638781385958739,0.9497460873888537,1.0502539126111463
-11.235950768420432,-10.46317989044399,1.004137228130353,0.9958627718696471
-11.301493191175753,-10.274385602790213,1.0534526306372725,0.9465473693627277
-11.351524989886396,-10.081194020906695,1.0987917007291395,0.9012082992708605
-11.402243606528987,-9.888002255364588,1.140818084804184,0.8591819151958161
-11.441314478845374,-9.691962677833468,1.1695084595554572,0.830491540444543
-11.469255590416449,-9.493758622572056,1.1863192052669604,0.8136807947330397
-11.493277474606433,-9.29549901723929,1.1968263536603772,0.803173646339623
-11.501169274650142,-9.096976063101588,1.1976604678218343,0.8023395321781659
-11.506055701817164,-8.896397474323031,1.1968397411421807,0.8031602588578195
-11.518781822628661,-8.696713571112955,1.1995169043331186,0.8004830956668815
-11.522614209292964,-8.498029688822115,1.1986556306815859,0.8013443693184144
-11.522363491853007,-8.297876020952032,1.1976831588993166,0.8023168411006836
-11.524896480870883,-8.097934088784596,1.199118528110896,0.8008814718891041
-11.525206258254808,-7.8986367124839765,1.1996583209284828,0.8003416790715172
-11.523451814316104,-7.698737575021252,1.1984691032213823,0.8015308967786179
-11.529032859494993,-7.498709231722721,1.198627430876849,0.8013725691231511
-11.541293867472923,-7.299329914562246,1.1992893516691234,0.8007106483308768
-11.552595814168928,-7.099867948318064,1.1985588463038812,0.8014411536961189
-11.56496632483481,-6.900448227229538,1.1991830426693946,0.8008169573306056
-11.572689942083782,-6.701324442016654,1.199536082452785,0.8004639175472152
-11.575059449954477,-6.501527468888097,1.199484271319537,0.8005157286804632
-11.577164626203984,-6.301514452701776,1.199997273615615,0.8000027263843851
-11.576198074530788,-6.101791837938395,1.1980408362179567,0.8019591637820435
-11.568524381410562,-5.902275736553891,1.1903564014956953,0.809643598504305
-11.551005748176944,-5.703302001684265,1.1743969574998734,0.8256030425001267
-11.52434662440084,-5.505104046940348,1.1506639164856685,0.8493360835143317
-11.489222682117285,-5.3085065558781555,1.1198220385234927,0.8801779614765074
-11.44430141587073,-5.113839573069663,1.0776774853883122,0.9223225146116879
-11.386555858312063,-4.9224585841593305,1.0176170607471826,0.9823829392528175
-11.304572345532447,-4.74100185528632,0.9475510792559017,1.0524489207440983
-11.198245743035484,-4.5710193543025275,0.8898761786196737,1.1101238213803266
-11.073613179707195,-4.414137797374517,0.8402123115879614,1.1597876884120388
-10.92942429382555,-4.276479654450156,0.8073028329882896,1.1926971670117106
-10.776654495822477,-4.151899308236381,0.8090801263457073,1.190919873654293
-10.612912717998933,-4.037170624265996,0.8450016027104486,1.1549983972895514
-10.436563117304345,-3.943045807057759,0.900904717503062,1.099095282496938
-10.252502884489227,-3.8619356292047238,0.9620786280102431,1.037921371989757
-10.064231050118435,-3.7960348799061774,1.0227711132708588,0.9772288867291413
-9.870247041372668,-3.750971035229014,1.0790931996627837,0.9209068003372165
-9.674169166123054,-3.7024006482625724,1.128373643895986,0.8716263561040142
-9.483181167117547,-3.6505841198297944,1.169854467067077,0.8301455329329231
-9.28783742178405,-3.617972171549179,1.1941400259698272,0.8058599740301731
-9.090761374996935,-3.57442711277469,1.1783944132788344,0.8216055867211659
-8.901722582102446,-3.5087422256650624,1.128455053959779,0.8715449460402211
-8.715059580601539,-3.444829849851393,1.107338026338053,0.892661973661947
-8.523202882195035,-3.3860163191503334,1.1049400255792414,0.8950599744207586
-8.33862041956415,-3.3079832290943414,1.0792631425268662,0.920736857473134
-8.163220169410499,-3.212747545758002,1.035545099694151,0.9644549003058491
-7.9872225650311695,-3.118872710846377,0.9874393296791284,1.0125606703208718
-7.810880419733324,-3.0252745410956203,0.9413985630780224,1.0586014369219776
-7.635462864032339,-2.929415142372177,0.8999453966516836,1.1000546033483165
-7.46078451002548,-2.832175909987389,0.8651055930179792,1.134894406982021
-7.287785694127954,-2.7319916089471716,0.838423539468216,1.1615764605317842
-7.117634177313412,-2.627509162326924,0.8200031168315529,1.1799968831684473
-6.949815193091147,-2.5192767150402093,0.8087036968491885,1.1912963031508117
-6.782286712964799,-2.410300969874785,0.8027523393167794,1.1972476606832207
-6.614573391511871,-2.3016854994949147,0.8004065488738595,1.1995934511261406
-6.446813720506027,-2.193526668639654,0.8,1.2000000000000002
-6.27871205832219,-2.085816263421867,0.8003962642334045,1.1996037357665956
-6.1076859598596345,-1.9822882698291575,0.8010735657880402,1.1989264342119599
-5.932804324851045,-1.8852364097434946,0.8021453491482587,1.1978546508517414
-5.756726192192728,-1.7911896935526928,0.8042018719511681,1.1957981280488321
-5.5816509688054,-1.6955641939731332,0.8074475272919195,1.1925524727080807
-5.405493929810586,-1.6011649620173127,0.8114107785068565,1.1885892214931437
-5.225884274251275,-1.513014814755585,0.8154158217676306,1.1845841782323694
-5.044676225061688,-1.4295551830649502,0.8205807654924989,1.1794192345075012
-4.864875971409009,-1.3425704228955215,0.8274479265432602,1.17255207345674
-4.679607381516625,-1.266980709064526,0.8324058852424883,1.167594114757512
-4.49520094802709,-1.1913105088681153,0.8403261987350326,1.1596738012649674
-4.312177474617557,-1.1112874496690306,0.8490693298315372,1.150930670168463
-4.122374363486628,-1.0481615143476115,0.8551664858315394,1.1448335141684607
-3.932623956552954,-0.986014904278602,0.8636993897217176,1.1363006102782824
-3.741060576538507,-0.9294783059801963,0.8712208633308103,1.12877913666919
-3.5496453104556585,-0.8726621052185282,0.8796717816845703,1.12032821831543
-3.3562183844619424,-0.8214643611599769,0.88659521803715,1.11340478196285
-3.163050991289994,-0.7713697642248657,0.8937925681841956,1.1062074318158046
-2.9705419883443214,-0.7190002821808473,0.9006504946016829,1.0993495053983173
-2.7762506990794136,-0.6703532813075549,0.905971197203284,1.0940288027967162
-2.581975941232047,-0.6245592133395591,0.910428677612751,1.0895713223872492
-2.3894406636888186,-0.5728127273068049,0.9147469642351299,1.0852530357648702
-2.195419605205055,-0.5240702269040429,0.9169912978876892,1.083008702112311
-2.0003304434298164,-0.480568474101143,0.9179583009419062,1.0820416990580939
-1.8054613726104811,-0.4374118909012275,0.9180505160231496,1.0819494839768506
-1.6098681202515568,-0.39658375917942695,0.9165834792629133,1.083416520737087
-1.4133403680851513,-0.36018182939388116,0.9134969907039896,1.0865030092960106
-1.216431358775431,-0.3264179464481442,0.9087967202329454,1.0912032797670548
-1.0194838506128354,-0.2937071533951691,0.9024000896936727,1.0975999103063274
-0.8222930651889987,-0.2614507599399692,0.8941557875725945,1.1058442124274055
-0.6241687425890505,-0.2343553123129829,0.8837299914280284,1.1162700085719717
-0.42681235762060743,-0.2048241885295389,0.8721198147418454,1.1278801852581548
-0.22933047833011694,-0.17509981837463007,0.8650951411283103,1.13490485887169
-0.030963403834494543,-0.14880129709222695,0.8578653340208202,1.14213466597918
