0.27737331440927027,0.013676076864799724,1.0143401909794556,0.9856598090205444
0.4774189252987474,0.015079244719184043,1.0158299727431586,0.9841700272568414
0.6772301656636929,0.01650310612512008,1.0172919976069028,0.9827080023930973
0.877253535327651,0.017865343284948418,1.0186258154604753,0.9813741845395249
1.0771806157355561,0.01916162238269159,1.0198132275211764,0.9801867724788237
1.2771449305915343,0.020373330003457406,1.020822547735981,0.9791774522640192
1.4770969023177933,0.021491308786174168,1.021633671852576,0.9783663281474241
1.6770543820894344,0.02251851608282508,1.0222574250830465,0.9777425749169537
1.877018437886691,0.023399840035414687,1.0225613877011424,0.9774386122988576
2.0768697513049843,0.01948233126452087,1.0129568357315932,0.987043164268407
2.2762688861220393,0.0041025795437471015,0.9813624725883627,1.0186375274116375
2.4761317781679417,0.0005236243664592296,0.9716745750286294,1.0283254249713707
2.67539919975092,-0.017468821609359454,0.9354414228648442,1.064558577135156
2.875141241859851,-0.01848917472644427,0.9332570383999013,1.0667429616000987
3.0751029233893203,-0.01932869175577122,0.9318869202095795,1.0681130797904206
3.2750862722982705,-0.020255526983475953,0.9307279398467624,1.0692720601532377
3.4750346450192384,-0.021073449041984594,0.92966385441077,1.0703361455892302
3.674994056316011,-0.021875084757831585,0.9286605520442888,1.0713394479557112
3.874950290220155,-0.022640251918094625,0.9277130500291411,1.072286949970859
4.07490754912643,-0.02337660105622413,0.9268189002280229,1.073181099771977
4.274864652349762,-0.024083656219392978,0.9259755766444785,1.0740244233555216
4.474821921237361,-0.024763308764187142,0.92518051560849,1.0748194843915102
4.674779272731099,-0.025416746645502798,0.9244311548480486,1.0755688451519516
4.874736649088992,-0.026045465842776942,0.9237249913404708,1.0762750086595292
5.074694188017407,-0.026650212204710456,0.923059770692545,1.0769402293074553
5.274651803148958,-0.027239268524459258,0.9224210219251077,1.0775789780748926
5.47460932562788,-0.0278016485787254,0.9218291885170747,1.0781708114829254
5.6745669881325425,-0.028341003802381998,0.9212771096147959,1.0787228903852042
5.8745247549893485,-0.028862556334492247,0.920755330375778,1.0792446696242222
6.074482531582941,-0.02936792121349186,0.9202605263071784,1.0797394736928219
6.2744403402073985,-0.029858437302531612,0.9197901305935058,1.0802098694064943
6.474398182546621,-0.0303354680739893,0.9193415911608517,1.0806584088391484
6.67435605197802,-0.030800376340277796,0.9189123515389064,1.0810876484610938
6.87431395114313,-0.03125451553975725,0.9184998545301013,1.081500145469899
7.074271851652815,-0.03169928519094693,0.9181015349031024,1.0818984650968977
7.274229850148976,-0.03213594429949253,0.9177147765540796,1.0822852234459206
7.474187817460496,-0.032566289682055605,0.9173372231182677,1.0826627768817323
7.674145577289474,-0.0329839192501473,0.9169803019153755,1.0830196980846245
7.874103616726328,-0.033395097179714124,0.9166309224896081,1.083369077510392
8.07406177939614,-0.033813491410146536,0.9162652679645483,1.0837347320354518
8.274019685988085,-0.03423186668893514,0.9158958940921279,1.0841041059078722
8.473977620268714,-0.03465045692970498,0.91552214752545,1.0844778524745502
8.67393560009466,-0.035070984192875715,0.9151413855015201,1.08485861449848
8.87389355947594,-0.03549473077567265,0.9147510348203973,1.0852489651796027
9.073851511263692,-0.03592308328402196,0.9143485381769032,1.085651461823097
9.273809468690587,-0.03635739227076399,0.9139313332226516,1.0860686667773485
9.473767407232046,-0.036798818402527585,0.9134974692972353,1.0865025307027647
9.67372537618766,-0.037246962153381406,0.9130476757768993,1.086952324223101
9.87368310497393,-0.03770127295413634,0.9125838812099465,1.0874161187900535
10.073641091156913,-0.03815922828893616,0.9121085188582528,1.0878914811417473
10.273599176880943,-0.038632661653095854,0.9116033895146153,1.0883966104853848
10.473556804250691,-0.0391050490926643,0.911097548098391,1.088902451901609
10.673514613122617,-0.03957766071874482,0.9105886248999663,1.0894113751000338
10.873472526949158,-0.04005267534161265,0.9100741008003408,1.0899258991996592
11.073430367344764,-0.04052949809318679,0.9095546263779175,1.0904453736220827
11.273388211080722,-0.04100761839100945,0.9090314835218435,1.0909685164781566
11.47334604976933,-0.04148643093050404,0.9085060125455797,1.0914939874544203
11.67330388989537,-0.041965351929427554,0.9079795546610545,1.0920204453389455
11.873261727680424,-0.04244379824827958,0.9074534506569034,1.0925465493430968
12.073219580959101,-0.04292116314120273,0.9069290426289255,1.0930709573710746
12.273177391158674,-0.04339692725115023,0.9064076859985452,1.093592314001455
12.473135294719052,-0.04387019467711873,0.905890781884424,1.0941092181155763
12.67309320787319,-0.04434227912454396,0.9053771904602939,1.0946228095397064
12.873050976321654,-0.04480819136890173,0.9048757705987545,1.0951242294012458
13.073008838405428,-0.045267854164124016,0.9043867876979794,1.0956132123020206
13.272966912866822,-0.04572242256591662,0.9039088375072507,1.0960911624927494
13.472925082666146,-0.046170273233129736,0.9034462765307272,1.096553723469273
13.672883132084348,-0.04660102033895339,0.903019749155894,1.0969802508441062
13.872841216330341,-0.04700008540589612,0.902657553370973,1.0973424466290271
14.072798957289082,-0.04735336073786242,0.9023888614905046,1.0976111385094955
14.272755849544966,-0.04764596243536009,0.9022392848612919,1.097760715138708
14.4727134428881,-0.04789370704839875,0.902173893074861,1.0978261069251392
14.67267044888336,-0.04814962165968041,0.9020955162010822,1.097904483798918
14.872632086691087,-0.04846195662434738,0.9018940252870137,1.0981059747129864
15.072592301734522,-0.048918913823974626,0.901446826653594,1.098553173346406
15.272542659622587,-0.04936404300446913,0.9010007952462114,1.0989992047537886
15.472533671137056,-0.0498715410119898,0.9004030538766645,1.0995969461233357
15.672394946841088,-0.050391781249233145,0.9000559708541666,1.0999440291458336
15.872701272441025,-0.0501092523775011,0.9003653800943061,1.099634619905694
16.07248095623482,-0.051139424451273195,0.9013311631852682,1.098668836814732
16.2712133251945,-0.03690148504023966,0.9297261011217692,1.070273898878231
16.470625142257408,-0.016662530392732945,0.9692431944809434,1.0307568055190566
16.67040090179608,-0.00242824892068317,0.996907261114125,1.0030927388858752
16.870039176781553,-0.0036165192027834115,0.9973951107730914,1.0026048892269086
17.06993212065175,-0.007685431917824611,0.9917854006926503,1.00821459930735
17.269890615879923,-0.0092039570606085,0.989389705935308,1.0106102940646922
17.469837197427417,-0.009393731840363762,0.9898041682071488,1.0101958317928512
17.66979922757859,-0.00890292214570592,0.9913804609778971,1.008619539022103
17.869759686275785,-0.008784966530208951,0.9922504047290186,1.0077495952709816
18.06971766585018,-0.009314033854635318,0.9918471587422553,1.0081528412577447
18.26967324058415,-0.010264108350931764,0.9904873348092145,1.0095126651907858
18.46962816108851,-0.011486879542364124,0.9884514791773947,1.0115485208226054
18.66958468967876,-0.012880989155561339,0.9859730708285646,1.0140269291714354
18.869543671633313,-0.014158840960268256,0.9836933612998032,1.0163066387001969
19.06950032218008,-0.014551114520979295,0.9830321517482727,1.0169678482517273
19.269437961149816,-0.013294330288557896,0.9857016098532708,1.0142983901467293
19.46932665533712,-0.00908440653994723,0.9934017706985288,1.0065982293014712
19.668886121800224,-0.0025964151203536354,1.0086544136376236,0.9913455863623766
19.86838100482412,0.017758491510489697,1.0456412480126154,0.9543587519873847
20.067660773149683,0.03343972495478755,1.0743248963183867,0.9256751036816134
20.26710594859979,0.041292960807324246,1.089795372167329,0.9102046278326712
20.46702381062571,0.04508846721702217,1.0960853946550986,0.9039146053449016
20.66699983317336,0.04716605104533303,1.098808403901374,0.9011915960986262
20.86698583334049,0.04870305221340527,1.099845846086172,0.9001541539138282
21.066944664877614,0.049681920991061716,1.099804175678044,0.9001958243219563
21.266865134831235,0.04919549949942416,1.0977660133413423,0.902233986658658
21.466726213191386,0.045700682406855424,1.0927872661373557,0.9072127338626444
21.666576462040954,0.03939068102443793,1.0867809556095391,0.9132190443904611
21.866305510984013,0.031283379409396926,1.0834007373345642,0.9165992626654359
22.066607368832326,0.02304088506911155,1.0876817165120118,0.9123182834879883
22.26654931197155,0.01503956763951131,1.0967364931334755,0.9032635068665247
22.463192575506035,-0.012449249556488911,1.081324304715954,0.9186756952840461
22.65809967603771,-0.05926222933703543,1.0445908207321903,0.9554091792678099
22.852037244058362,-0.11063796735040873,1.0110212027741883,0.988978797225812
23.044471889959166,-0.1640056641493971,0.9878394349211488,1.0121605650788512
23.23381785306159,-0.2283291810773972,0.9652871934138066,1.0347128065861935
23.419605340080807,-0.3020251234515098,0.9465666631325123,1.0534333368674877
23.601365039016674,-0.385191814759764,0.9320276405422454,1.0679723594577548
23.775480153805667,-0.483934164110125,0.9153572713897135,1.0846427286102867
23.94165905827715,-0.5947222019320753,0.9035484528955795,1.0964515471044207
24.099421064007906,-0.7170669884971838,0.9002628212865774,1.0997371787134227
24.24470762906956,-0.8544656376364993,0.9004906355959889,1.0995093644040113
24.37242899214152,-1.0081312141459482,0.9000666447656196,1.0999333552343806
24.483092248791817,-1.1744452667031111,0.9052025305797446,1.0947974694202556
24.576248130756383,-1.351343330123587,0.9140680560273606,1.0859319439726396
24.65191880393747,-1.5363354564464236,0.9231274067581029,1.0768725932418972
24.717297223280834,-1.7252567540254509,0.9423048998322756,1.0576951001677246
24.768252652456226,-1.9186232720654857,0.9588179804254409,1.0411820195745594
24.80649098700753,-2.114832841898522,0.9714187203708677,1.0285812796291323
24.838379034091712,-2.3121944303133635,0.9882561877774796,1.0117438122225204
24.869776575791754,-2.5097385825790637,1.0164988388670348,0.9835011611329652
24.898967378558645,-2.7076089636622354,1.0488649185768864,0.9511350814231139
24.924929749043745,-2.9058797877327733,1.0785482835302105,0.9214517164697896
24.946215836805155,-3.10464841871483,1.098114471186933,0.901885528813067
24.960667726401145,-3.3039874722107863,1.0995896684266875,0.9004103315733127
24.975514300185313,-3.5034757154421565,1.0930688387157275,0.9069311612842728
25.000379568335333,-3.7019367204993063,1.0938940861135267,0.9061059138864734
25.034555782503187,-3.898903215841263,1.0983816072375896,0.9016183927624104
25.076130089792716,-4.0944048795673345,1.099779589501785,0.9002204104982152
25.126486552289517,-4.287915472719626,1.0980738361166127,0.9019261638833874
25.189029211309755,-4.477866875105624,1.0979008653152076,0.9020991346847925
25.264252063189414,-4.663095650395886,1.0991711904541206,0.9008288095458796
25.35193058832494,-4.842734762170396,1.1,0.9
25.451614341342292,-5.015941346489163,1.0989434635513233,0.9010565364486769
25.561390961885607,-5.182908834750176,1.0935935207136724,0.9064064792863278
25.680494643505927,-5.343492465559093,1.0843473607645948,0.9156526392354053
25.808417836921688,-5.497168995872764,1.0727437859041462,0.927256214095854
25.944233559042917,-5.643900869089573,1.0593238999838777,0.9406761000161226
26.086926304913558,-5.783921405199433,1.043935503151307,0.9560644968486932
26.23548546221024,-5.917770079644903,1.0263109380555728,0.9736890619444274
26.389557198744185,-6.045252648981731,1.007430351551286,0.9925696484487142
26.548888188833725,-6.166071374579577,0.9885835937512102,1.01141640624879
26.712499893576513,-6.281053595813043,0.9691920674999461,1.0308079325000539
26.88009703644333,-6.390189553741189,0.9498361448613902,1.0501638551386099
27.051252494817334,-6.493711904609305,0.9312894224007122,1.0687105775992878
27.225962416882222,-6.590956733878295,0.9155608543803682,1.084439145619632
27.4044152677486,-6.681093572664979,0.9051591296805196,1.0948408703194805
27.586069194009387,-6.764566556436255,0.9003421123176988,1.0996578876823013
27.7705925989733,-6.841421782690809,0.901492683556332,1.098507316443668
27.95737702620392,-6.912766076636801,0.9073295018954141,1.092670498104586
28.14561156101863,-6.980391480045951,0.9150612770546535,1.0849387229453467
28.334509813814897,-7.046240030101814,0.9219080565939384,1.0780919434060618
28.523734589739025,-7.110774438249988,0.9278560822574725,1.0721439177425276
28.71404535097657,-7.17167622290811,0.9377099955811098,1.0622900044188903
28.905875147493955,-7.228106619488399,0.954084643632212,1.045915356367788
29.098308999936826,-7.2827919772741385,0.9730330446297969,1.0269669553702032
29.290261867140188,-7.338833093473749,0.9894175591886089,1.0105824408113913
29.48149741954387,-7.397145461508502,1.0019692020537838,0.9980307979462162
29.672229684272256,-7.457151801995291,1.012499396164772,0.9875006038352283
29.862304711573625,-7.51921043710662,1.0214866163609795,0.9785133836390206
30.05162480556343,-7.583575899921664,1.029313120980326,0.9706868790196743
30.24007344717836,-7.6504920501777205,1.036200126598293,0.9637998734017073
30.427130025135266,-7.721092393649259,1.040792828608639,0.959207171391361
30.611934671412726,-7.797357620463635,1.0402380160794962,0.9597619839205038
30.794328540483,-7.879332112510996,1.0349376654964075,0.9650623345035926
30.974305622914155,-7.966471443382896,1.026566420452503,0.9734335795474973
31.151331947741227,-8.0593486494301,1.0146159373310075,0.9853840626689925
31.32411498111834,-8.159975932296394,0.9959993619746801,1.0040006380253201
31.491936494719305,-8.268903831625298,0.9700371125193947,1.0299628874806055
31.655893708613355,-8.383533175673366,0.9427633294936625,1.0572366705063376
31.81655179222693,-8.50256599067022,0.918735222542612,1.081264777457388
31.97550241587027,-8.623617077975368,0.904123488752991,1.095876511247009
32.13287104555132,-8.746842013933943,0.9003010482108,1.0996989517892
32.28721482270892,-8.87382569903845,0.9040793911738745,1.0959206088261257
32.43902720685314,-9.003839276121733,0.9162042435626182,1.083795756437382
32.58689452182321,-9.138507737767265,0.9327144440250738,1.0672855559749264
32.72994566550126,-9.278324528202177,0.9509303173901343,1.0490696826098658
32.866230258903975,-9.424650621874571,0.9668309639839953,1.0331690360160048
32.996574168207815,-9.576259336653242,0.9816680169986094,1.0183319830013908
33.1207280026045,-9.733024380648526,0.9953766976471028,1.0046233023528974
33.23764608853532,-9.89525080533028,1.005795265979778,0.9942047340202222
33.34647840333949,-10.062954740619181,1.0113645390570782,0.988635460942922
33.44607722532807,-10.236321577830937,1.0103417913597288,0.9896582086402712
33.537775180468,-10.414007727642566,1.005266397070216,0.994733602929784
33.62169415552222,-10.595459780763864,0.996829360850782,1.0031706391492181
33.6967322487225,-10.780783255934727,0.9831601031585444,1.0168398968414558
33.761520806631175,-10.970123119727244,0.9625079007317938,1.0374920992682064
33.81849014186833,-11.161848674921886,0.9399422242777326,1.0600577757222676
33.87277937122685,-11.354102645605254,0.9248036813087023,1.0751963186912978
33.92424485685363,-11.547247963677721,0.9178839425848111,1.082116057415189
33.971106992462445,-11.741574488660865,0.9156454394701712,1.084354560529829
34.013085937420016,-11.93710873898407,0.916904797900694,1.083095202099306
34.046812770039644,-12.134214322020318,0.9165328372117574,1.0834671627882426
34.07367162829746,-12.332321506960009,0.9154109807619167,1.0845890192380834
34.09141786189486,-12.531661317938399,0.9109062891739247,1.0890937108260754
34.100134790668974,-12.73144062516475,0.9035062859011854,1.0964937140988147
34.10400084465662,-12.931186366162972,0.9,1.1
34.103499154789624,-13.131076652284474,0.9022241565240673,1.0977758434759328
34.09850542328284,-13.330699087293842,0.9099086460060066,1.0900913539939934
34.08888352225277,-13.530579820939153,0.9199422781371633,1.0800577218628367
34.06586930804694,-13.729585589266824,0.9199978396267406,1.0800021603732595
34.03144778301988,-13.926477403436303,0.911930940525992,1.0880690594740081
33.99472371132345,-14.122702874872378,0.9093236300768062,1.090676369923194
33.95309875825518,-14.318328714388182,0.9107082174460912,1.089291782553909
33.90644009600206,-14.512761291809742,0.9143455506048279,1.085654449395172
33.85367519875222,-14.70562527942792,0.918452844623514,1.0815471553764862
33.79506412155408,-14.896820387372294,0.922390634969919,1.077609365030081
33.72924456648633,-15.085674822092658,0.924235199134205,1.075764800865795
33.657387357235656,-15.272214595099731,0.9251210659080973,1.074878934091903
33.5797044489082,-15.456452414275464,0.9252030927880883,1.074796907211912
33.495331770051955,-15.637769088229268,0.9229745175453825,1.0770254824546175
33.40449729097113,-15.815935448424637,0.9182615694656623,1.0817384305343378
33.30760429100937,-15.990867225889737,0.9118586960349347,1.0881413039650654
33.205843974516014,-16.16297982109382,0.9057959275521859,1.0942040724478144
33.09981895154663,-16.332478728103172,0.9014398434174232,1.0985601565825769
32.99017435289692,-16.49965255397572,0.9,1.1
32.87702822422047,-16.66450039528764,0.901719768515163,1.098280231484837
32.76069240817727,-16.827064145468174,0.907103457179989,1.092896542820011
32.641590085067534,-16.98763956150163,0.9165283282484228,1.0834716717515773
32.519128165398385,-17.145721144866,0.9286680289767276,1.0713319710232725
32.393279887421215,-17.301113141091836,0.9428599676280937,1.0571400323719065
32.26388033637075,-17.453557120699024,0.9583104965351852,1.0416895034648148
32.130881594015904,-17.602887987998713,0.9744585169143002,1.0255414830857
31.994064858202844,-17.74872126942088,0.9903456924271871,1.009654307572813
31.85343379959432,-17.8908816885839,1.0055043818687153,0.9944956181312848
31.70895250053444,-18.029125628689737,1.0193120885154656,0.9806879114845345
31.560569023608316,-18.163143148590017,1.0311313707625922,0.9688686292374079
31.408311465059604,-18.292740876263572,1.0408643908073336,0.9591356091926664
31.252966286917513,-18.41869216648654,1.0498329762597771,0.9501670237402231
31.09428425620703,-18.54034659518173,1.056908277686822,0.9430917223131781
30.93205111767397,-18.65719684914345,1.0611353533895245,0.9388646466104756
30.76645028796637,-18.76918213955972,1.0623964403517225,0.9376035596482777
30.597926206262144,-18.87681200053322,1.0622236330556452,0.937776366944355
30.427611393500378,-18.981785962086747,1.0635840768353666,0.9364159231646335
30.255533406617438,-19.083701214784387,1.065391522606937,0.9346084773930632
30.08019091976734,-19.17948221700692,1.0620057680347867,0.9379942319652133
29.90082736970628,-19.267673964224105,1.0506195471361082,0.949380452863892
29.718545167482024,-19.350109930992904,1.0345932677175071,0.965406732282493
29.534855181587645,-19.429296572721086,1.0189984453580299,0.9810015546419703
29.350377329272042,-19.5064272399949,1.0066328867938032,0.9933671132061969
29.16526013812752,-19.581934716931833,0.9983502541087086,1.0016497458912916
28.97933323994344,-19.65542528692579,0.992922075399725,1.007077924600275
28.791843870623122,-19.72486524523772,0.9865936866776577,1.0134063133223423
28.60239661946536,-19.788933552015713,0.9767437998200584,1.0232562001799417
28.411246784099262,-19.84783517881964,0.9640584893888545,1.0359415106111456
28.219368219910056,-19.903962858347953,0.9526872594862439,1.0473127405137563
28.027087518527217,-19.958551847948137,0.944636142687333,1.0553638573126671
27.833879226561752,-20.010097211680133,0.937530053099038,1.0624699469009622
27.639551309517426,-20.057406425024176,0.9290707725696876,1.0709292274303124
27.444232710741016,-20.10044907333535,0.9191843499292177,1.0808156500707824
27.248258483542156,-20.140249599102233,0.9097052396943314,1.0902947603056687
27.051946566189866,-20.17794500037969,0.902887493110845,1.0971125068891552
26.85550578307726,-20.2145047450191,0.9002610355759502,1.09973896442405
26.65832631405354,-20.2493194610737,0.9001953101999404,1.0998046898000597
26.46098539616714,-20.28029586434047,0.901653796854147,1.098346203145853
26.26440198243292,-20.31495980852589,0.9132700222877219,1.0867299777122783
26.0664581688672,-20.346559124230673,0.9245053189315355,1.0754946810684645
25.86809790667974,-20.37151857885498,0.9320147000148259,1.0679852999851742
25.67082711965372,-20.40074484309621,0.9504257174710153,1.0495742825289849
25.473605370943492,-20.434542664770444,0.9812034706170499,1.0187965293829502
25.27617576143491,-20.46794676189531,1.0160131287427236,0.9839868712572765
25.07838703000691,-20.498383439498745,1.0491978864645448,0.9508021135354552
24.880044731566617,-20.525451558975526,1.0779455472441657,0.9220544527558344
24.681367016792194,-20.54543793212844,1.095469696241414,0.904530303758586
24.482062167299592,-20.55524269961779,1.0969558506269914,0.9030441493730087
24.282095046270964,-20.558127002154436,1.0871932166041915,0.9128067833958085
24.08206433133663,-20.557996108541378,1.0731863308501675,0.9268136691498325
23.882013307177655,-20.55730232896123,1.0609776409596994,0.9390223590403006
23.681986983856028,-20.561406083953617,1.0588950195669635,0.9411049804330366
23.482196152501626,-20.570227735972217,1.0666183324620069,0.9333816675379931
23.28248492238807,-20.578923166512926,1.0767193873999652,0.9232806126000348
23.08268354151367,-20.586155937466287,1.0856159022448584,0.9143840977551418
22.882804138109357,-20.591716837817447,1.0924999721094335,0.9075000278905666
22.682885281874682,-20.595537146199266,1.0970441891689107,0.9029558108310896
22.482971696480366,-20.597510732732882,1.0989023060867753,0.9010976939132247
22.283055653671287,-20.597601386011934,1.0980611171653443,0.901938882834656
22.083097344564216,-20.596622766808952,1.0958543895398014,0.9041456104601987
21.88313063764684,-20.59573786446828,1.0942807124203058,0.9057192875796942
21.683036188515892,-20.595845756230034,1.0950368118245795,0.9049631881754207
21.482962853721304,-20.59758394100318,1.0980994430535975,0.9019005569464026
21.283092438739178,-20.59739028528303,1.0975771739510627,0.9024228260489373
21.083565755761853,-20.592177716398105,1.0871530801280236,0.9128469198719764
20.884238591843364,-20.579587229757408,1.063074536343394,0.936925463656606
20.68454819881279,-20.562320673539546,1.031271460991094,0.9687285390089061
20.48482377071429,-20.549380507962766,1.0059871104504636,0.9940128895495365
20.285157841806083,-20.542725841133304,0.9921721260997634,1.0078278739002369
20.08527787968069,-20.53995571336106,0.9864609688531594,1.0135390311468409
19.885330319307187,-20.53956537861306,0.985495767309012,1.014504232690988
19.685367233097715,-20.5401431376904,0.986673304868728,1.013326695131272
19.485409286204888,-20.54113806911888,0.9887425209440618,1.0112574790559383
19.28545312532235,-20.542342983830675,0.9911907342380399,1.00880926576196
19.085496670299975,-20.543505452136444,0.9935521501994219,1.0064478498005782
18.88554017357162,-20.544451850192235,0.9954929518704273,1.0045070481295728
18.685583193694047,-20.54514033739332,0.9969065978068812,1.003093402193119
18.485625542723422,-20.545577125906462,0.9977917298435106,1.0022082701564896
18.285667501376675,-20.5457593633311,0.9981497343173185,1.0018502656826818
18.085709447258267,-20.5456945143704,0.9979825227963701,1.00201747720363
17.885751637543084,-20.545354512283723,0.9972411420342293,1.0027588579657707
17.685794314417365,-20.54469839224862,0.9958788758064999,1.0041211241935002
17.485837584642276,-20.543798233568385,0.9940085922859624,1.0059914077140377
17.285880780814782,-20.542736412547864,0.9918104146557664,1.0081895853442338
17.08592394008028,-20.54164578401308,0.9895677862252167,1.0104322137747834
16.885966546561946,-20.540782006555673,0.9877521365880414,1.0122478634119587
16.686010397257128,-20.54037525250916,0.9868426526022095,1.0131573473977906
16.486045671902023,-20.540685766752684,0.9873323524018285,1.0126676475981717
16.286115746439506,-20.5419645303333,0.9901879691004867,1.0098120308995133
16.08640792518034,-20.546139632954805,0.9997571804968725,1.0002428195031277
15.8866905899709,-20.558263803204742,1.0226813171876723,0.9773186828123277
15.687059418150978,-20.574560805049167,1.0531764754691453,0.9468235245308548
15.487545098387812,-20.58723963891879,1.0782093249513207,0.9217906750486794
15.287947343157821,-20.595838159120973,1.0944448912920832,0.9055551087079169
15.08826295981453,-20.598340544648376,1.0996931948169164,0.9003068051830838
14.888243665073414,-20.597389255696747,1.0981678360934486,0.9018321639065515
14.688180783789768,-20.59647331500203,1.096061296326789,0.9039387036732109
14.488187105379703,-20.59640542148418,1.0955557034458863,0.9044442965541137
14.288206564561909,-20.59729970515736,1.09686359895954,0.90313640104046
14.088252429089026,-20.59851590185628,1.0988802573901066,0.9011197426098935
13.888313627512755,-20.599070786415822,1.0998404220019635,0.9001595779980367
13.688425060414025,-20.597039337191713,1.0972962955715475,0.9027037044284526
13.488696112095123,-20.58951880551381,1.0883577990080575,0.9116422009919427
13.289425360313237,-20.57409087374957,1.0710470972563886,0.9289529027436114
13.09104587651512,-20.548854147553264,1.0448099093654521,0.9551900906345479
12.894005286183322,-20.513648282785503,1.0116370551521907,0.9883629448478093
12.698834411702597,-20.46868441511772,0.9753068718994395,1.0246931281005605
12.50610442762607,-20.414976120566664,0.9412376609303525,1.0587623390696477
12.31533493809342,-20.35608655877342,0.9182110061225932,1.0817889938774068
12.127078289151438,-20.288862835109978,0.9053858173466768,1.0946141826533233
11.943522801352204,-20.210213978772188,0.9,1.1
11.764675166193214,-20.121660764540827,0.9043626731985356,1.0956373268014645
11.592038619432731,-20.020482871495773,0.9125105369347444,1.0874894630652556
11.429278554185029,-19.903959329535745,0.9164870648347729,1.0835129351652273
11.276605695801843,-19.775029950180176,0.9185316081642747,1.0814683918357253
11.131775668513514,-19.63750054602116,0.9246727252269874,1.0753272747730127
10.995423947532327,-19.49118538001564,0.9334002165275637,1.0665997834724363
10.870500452015708,-19.334966053980743,0.9398054578021855,1.0601945421978147
10.756405619065085,-19.170839140281394,0.9457084092285939,1.0542915907714063
10.652147474659392,-19.000380101731867,0.9535435094724833,1.0464564905275167
10.5582632707526,-18.8237859497956,0.9614807965411669,1.038519203458833
10.480125714158406,-18.639775435825737,0.9605999083711142,1.039400091628886
10.418464298194131,-18.44940051355022,0.9495993327134352,1.050400667286565
10.37313741277363,-18.254657830728963,0.9316113058668786,1.0683886941331215
10.336102529403536,-18.058333137468953,0.919439309278567,1.0805606907214331
10.312444591601313,-17.85957734867022,0.9066138504025465,1.0933861495974537
10.299079797041562,-17.66018707084211,0.9006430364006147,1.0993569635993854
10.288258207451085,-17.461143359434864,0.9147996290704506,1.0852003709295495
10.280960646078329,-17.261209822936184,0.9467267645193073,1.0532732354806928
10.288692682984554,-17.06116661682325,0.9736309585375713,1.026369041462429
10.314062875851514,-16.862884466228735,0.989507996139482,1.010492003860518
10.350726060981785,-16.66639089980913,1.0041439572554123,0.9958560427445878
10.397102874089796,-16.471890841935206,1.0196998605508627,0.9803001394491375
10.453925858497877,-16.280167059915193,1.0339722919089882,0.9660277080910119
10.52243020589873,-16.09235095210445,1.0437164951633857,0.9562835048366144
10.601702606059161,-15.908823570098532,1.049562261948319,0.9504377380516811
10.690740548561788,-15.729850003292121,1.0528981554028867,0.9471018445971136
10.786613970821877,-15.554376739534328,1.0590608335372644,0.9409391664627357
10.887545900729956,-15.381656579938673,1.0705161110108448,0.9294838889891553
10.995259257960187,-15.213215419599637,1.0827613065690493,0.9172386934309508
11.111894900924538,-15.050907504850455,1.0912146909983875,0.9087853090016125
11.236004000447375,-14.894050341198009,1.0973989086430254,0.9026010913569747
11.367691394257626,-14.743654325485334,1.0997440051271297,0.9002559948728706
11.5071621546917,-14.600446724355796,1.0974224315242362,0.9025775684757638
11.653365416063819,-14.464011450721202,1.0916161274274252,0.9083838725725749
11.805682196465224,-14.334429473533332,1.0829614241188592,0.9170385758811408
11.963724741870156,-14.211933771457844,1.0712793852728213,0.9287206147271787
12.127635986342836,-14.097658967474606,1.0544543877752968,0.9455456122247035
12.298043832674725,-13.992928390813747,1.0312768337387803,0.9687231662612197
12.472132164320504,-13.894231336871337,1.0088499258019588,0.9911500741980415
12.647924440198222,-13.799163390910593,0.9915597343112945,1.0084402656887057
12.827263688092026,-13.710856151998406,0.9749622387471255,1.0250377612528747
13.010082267899676,-13.629630080000519,0.9578693234304858,1.0421306765695142
13.195589266628527,-13.555127154063948,0.9419260127504057,1.0580739872495943
13.382630747400421,-13.484926574772743,0.9306571051140817,1.0693428948859185
13.572388401423252,-13.421515133442302,0.9197474053355915,1.0802525946644086
13.765224026203565,-13.367299600846572,0.9067406488017021,1.093259351198298
13.958489382192885,-13.317543387850572,0.9005915817601672,1.099408418239833
14.151438216528373,-13.266175512223985,0.9108485149528847,1.0891514850471153
14.344553488692384,-13.216193197344305,0.9347769574836919,1.0652230425163083
14.537849406177322,-13.162899270976938,0.9743571064107015,1.0256428935892985
14.733641858693492,-13.120450949173094,1.002578288667159,0.9974217113328411
14.931639555768946,-13.097279188623018,1.0104334984808823,0.989566501519118
15.129611500105408,-13.069436332856299,1.0306421098182805,0.9693578901817195
15.327500884618228,-13.03698169591689,1.062645300134546,0.9373546998654542
15.525996595534728,-13.011278569565379,1.088888515774602,0.9111114842253981
15.724698945596426,-12.995262219473394,1.0990015086669385,0.9009984913330616
15.924010301859289,-12.993781683273243,1.0857610182678992,0.914238981732101
16.124368299756778,-12.998397309351438,1.063754914794924,0.9362450852050762
16.324567316482966,-12.997035136461367,1.0528983232739266,0.9471016767260736
16.524206161975602,-12.988237200016385,1.0575979721397353,0.9424020278602648
16.723937542513944,-12.974705298276728,1.073454068464322,0.9265459315356781
16.923574818938654,-12.95967890970481,1.0923428631954826,0.9076571368045175
17.12285464955647,-12.95165228850116,1.0999737874228184,0.9000262125771818
17.322664390295714,-12.953311512753395,1.0917412005703382,0.9082587994296619
17.522249677014027,-12.95999198303236,1.0721731206267915,0.9278268793732087
17.721908214525463,-12.97561255830741,1.0404746390639583,0.9595253609360418
17.92191846880854,-12.985430193845666,1.0193666577820752,0.980633342217925
18.12166195959396,-12.985574865781999,1.0144997228111077,0.9855002771888923
18.321571772559857,-12.98535539345669,1.01396891904596,0.9860310809540402
18.5215258470711,-12.985588331314677,1.0135115038597453,0.9864884961402549
18.72148010153427,-12.986619449522731,1.0124736503914247,0.9875263496085755
18.921430631621842,-12.988325087284677,1.01084458110981,0.9891554188901901
19.121374787082466,-12.990740875338904,1.0086151117093565,0.9913848882906435
19.321312089412753,-12.993638780006457,1.005998918197169,0.9940010818028311
19.521237317025754,-12.99717618036233,1.0027204003124681,0.9972795996875319
19.72115048876946,-13.001436725113553,0.9986231666067469,1.0013768333932533
19.921052024591997,-13.00622205514344,0.9939120329681832,1.0060879670318168
20.12094218209998,-13.011455637427034,0.9887217299412173,1.0112782700587828
20.320822782518743,-13.017036328138486,0.9831663357165056,1.0168336642834945
20.520695371166934,-13.02290129980018,0.9773177894166893,1.0226822105833107
20.720561494058067,-13.028982026533859,0.9712437050380017,1.0287562949619984
20.920423264519535,-13.03521091534372,0.965011783328554,1.0349882166714461
21.12028178691179,-13.041522598354131,0.9586900488512436,1.0413099511487565
21.320140171759572,-13.047840940214611,0.9523467834524392,1.047653216547561
21.52000175855296,-13.054137181705386,0.9459973886384287,1.0540026113615713
21.71986453603513,-13.060336350060147,0.9397316526795294,1.0602683473204708
21.919732067840954,-13.066302119755935,0.9337131150851604,1.0662868849148397
22.119610179100892,-13.071983417716456,0.9279983409899752,1.072001659010025
22.319497590468224,-13.077338168447088,0.9226153343181218,1.0773846656818784
22.519394476006553,-13.08229373144449,0.9176314200021841,1.082368579997816
22.719302556297947,-13.086783778388119,0.9131145777374012,1.0868854222625988
22.919221214235762,-13.090741020881207,0.9091325290518446,1.0908674709481554
23.11914909108102,-13.09409638384674,0.9057504252911066,1.0942495747088934
23.319092026789534,-13.096801112750098,0.902991093847093,1.0970089061529071
23.51905246727535,-13.098839594859308,0.9008840965227453,1.0991159034772549
23.71900226013294,-13.099858769161244,0.9,1.1
23.918942462125383,-13.098305953137851,0.9021514486363611,1.097848551363639
24.118672886317643,-13.091131226529754,0.9105404239800636,1.0894595760199364
24.317565463272548,-13.073748338065213,0.9298474244568307,1.0701525755431693
24.51520791674823,-13.042274049625233,0.9621098266482696,1.0378901733517305
24.710806632465935,-12.998844287937114,1.0006681154629578,0.9993318845370425
24.90382199043409,-12.945621166883656,1.0377602989950065,0.9622397010049935
25.09307560676658,-12.880148983361213,1.0705862823325767,0.9294137176674234
25.277604868178894,-12.804744273903056,1.0916415603804839,0.9083584396195163
25.457256266138437,-12.717600715746794,1.0986714661913604,0.9013285338086398
25.626324137364584,-12.610884055404965,1.1,0.9000000000000001
25.78208138727915,-12.486536993763384,1.0922263514569743,0.9077736485430257
25.923544595605538,-12.345417988034809,1.0752854685070763,0.9247145314929238
26.046663608790478,-12.187781872830413,1.056529400963862,0.9434705990361383
26.147634326591202,-12.015245164298072,1.0430874525938085,0.9569125474061915
26.222682447978315,-11.830010266941093,1.040876418961631,0.9591235810383689
26.269754409185335,-11.635739467953675,1.0518735313678724,0.9481264686321276
26.28862887724071,-11.436694680616473,1.0733707434001571,0.9266292565998431
26.285481768140258,-11.236791462828759,1.092084374301241,0.9079156256987592
26.263452322909465,-11.038349179359386,1.0997040633426818,0.9002959366573183
26.225769430089564,-10.842120281827233,1.089262928961027,0.9107370710389733
26.17025335433074,-10.650125014598968,1.0694070909381976,0.9305929090618025
26.0933833008949,-10.465602754308755,1.054263598975301,0.9457364010246991
25.99735990631395,-10.290301327452108,1.045684022368153,0.9543159776318471
25.8878582145276,-10.123070014553093,1.0367814131504531,0.9632185868495469
25.76696815488619,-9.963828307581776,1.0269730227722722,0.9730269772277278
25.6365097520568,-9.812343425608132,1.0162797209842862,0.9837202790157139
25.498994155026473,-9.667206733588522,1.0023472024259026,0.9976527975740974
25.356133472222197,-9.527280349613688,0.9840632032858957,1.0159367967141044
25.20815832397858,-9.392784165930717,0.9638863451863925,1.0361136548136076
25.055698053794217,-9.26334385999436,0.943308386618202,1.056691613381798
24.90007127614126,-9.137750217460901,0.9216734922636955,1.0783265077363045
24.739983196704657,-9.018034921834449,0.9059339561761409,1.0940660438238592
24.575171344272455,-8.904879025167515,0.9,1.1
24.407603036815775,-8.795767574774425,0.9000994766410003,1.0999005233589998
24.23902612615691,-8.688213185387117,0.9019750899497515,1.0980249100502486
24.070224461719413,-8.581015899082653,0.9033137942706118,1.0966862057293882
23.90139879972446,-8.473861116103228,0.9034306035651847,1.0965693964348153
23.732524355726987,-8.366785741852846,0.9024388393711085,1.0975611606288918
23.56342331584416,-8.260072498974187,0.9010297762189011,1.098970223781099
23.393862549677255,-8.154094166323214,0.900105156502891,1.099894843497109
23.22368839171269,-8.04910159158989,0.9002825577455511,1.0997174422544491
23.053025426608535,-7.9449024981499825,0.9011463258494723,1.098853674150528
22.882036453103954,-7.841234645028502,0.9021155391701572,1.0978844608298428
22.711044155648466,-7.7375752409830785,0.9020045596587625,1.0979954403412375
22.539829818458312,-7.634286613011437,0.9016693536707725,1.0983306463292275
22.3681151223905,-7.531830536051112,0.9022218695382846,1.0977781304617154
22.195946573050172,-7.430138295322884,0.9035338487877222,1.0964661512122778
22.02356101092188,-7.328814877266666,0.90471401372781,1.0952859862721902
21.851120304940586,-7.227583179043475,0.9051488956593177,1.0948511043406823
21.678753640445223,-7.126225502909862,0.904379860456793,1.0956201395432072
21.506190102582828,-7.0252063750391125,0.9034934269929413,1.096506573007059
21.33353657496954,-6.924337066264181,0.902100166767675,1.097899833232325
21.16065690746364,-6.823857992947515,0.900785580247975,1.099214419752025
20.987437624981442,-6.723966912974585,0.9000225117708652,1.0999774882291349
20.813808779762685,-6.624790981792749,0.900100925936711,1.099899074063289
20.639687450009607,-6.526489880278804,0.9012863047868398,1.0987136952131602
20.4651997799114,-6.428831273824654,0.9029105944601957,1.0970894055398044
20.290719518877776,-6.331152786899597,0.9033867298435118,1.0966132701564884
20.116225655965444,-6.233491279881871,0.9026429243979393,1.0973570756020607
19.941715359695788,-6.135847721122758,0.9006376588276989,1.0993623411723012
19.7665257153723,-6.0394738855643935,0.9000299628693667,1.0999700371306336
19.59013015586635,-5.945347845110438,0.9027409239889366,1.0972590760110634
19.412753496355535,-5.853037602489993,0.9075577764866511,1.0924422235133489
19.234782962074824,-5.76185019689617,0.9126626664106221,1.087337333589378
19.056086027022413,-5.672112051218442,0.9183989567604754,1.0816010432395247
18.876256984870174,-5.584701669186482,0.9263084978246746,1.0736915021753255
18.694911891962114,-5.500511280799148,0.9379160546306234,1.0620839453693767
18.512180656395955,-5.419301892015354,0.9522382735219346,1.0477617264780656
18.328922299454273,-5.339233081978604,0.965057144208888,1.034942855791112
18.145408636688323,-5.259817225253288,0.9751422985470856,1.0248577014529145
17.96079308180551,-5.183066482002115,0.9862608521550951,1.013739147844905
17.774475698028475,-5.110493729359063,1.0010823695701978,0.9989176304298022
17.58671894057587,-5.041643176973497,1.018190039559987,0.9818099604400132
17.398229122076163,-4.974875441840242,1.0340118707609631,0.965988129239037
17.209014022788175,-4.910215542511855,1.0480678689666603,0.9519321310333397
17.01916266661226,-4.8474856190055045,1.0595841173310996,0.9404158826689006
16.828587368804765,-4.786992993061833,1.068900909111902,0.9310990908880983
16.637045182743556,-4.729589222159804,1.077275594716109,0.922724405283891
16.444491247393398,-4.675658869456368,1.085093860404521,0.9149061395954791
16.250965939979185,-4.625334684264991,1.0921671878221062,0.9078328121778938
16.05663619544909,-4.578253591590892,1.0973607504206255,0.9026392495793746
15.861608425066319,-4.5342049424580235,1.0998276557373126,0.9001723442626876
15.665975188167844,-4.493016724333594,1.0990605546652459,0.9009394453347543
15.469513252233885,-4.4555182749881475,1.0972466341794238,0.9027533658205762
15.27226845598202,-4.42249303395878,1.0959166742299442,0.9040833257700558
15.075925225414352,-4.385250740265192,1.0788780194914822,0.921121980508518
14.880794002640686,-4.341739878714133,1.0417558770060873,0.9582441229939128
14.685039953584925,-4.300481723140373,1.0049959522606386,0.9950040477393615
14.485993048365046,-4.282407224482797,1.0120606873704663,0.9879393126295339
14.287221198493043,-4.261738209469239,1.0102178035476774,0.9897821964523227
14.08976273199533,-4.2308401946167145,0.9841177838834336,1.0158822161165666
13.892756594677515,-4.195173119000481,0.944466155193475,1.0555338448065252
13.695301643958118,-4.162756230134893,0.9098112830361794,1.0901887169638207
13.496253797311232,-4.1506881482859415,0.911042697947973,1.0889573020520271
13.29626868226737,-4.148840365175211,0.9297806494346204,1.0702193505653796
13.096399093828278,-4.1409957515206495,0.9354577222200209,1.0645422777799793
12.896793402101647,-4.127086896487465,0.9267261918141356,1.0732738081858644
12.69791955576485,-4.104497455703738,0.902574990225725,1.097425009774275
12.49857007120169,-4.09840537858036,0.9079188063378875,1.0920811936621126
12.29864737790828,-4.09965508198961,0.9268955652442171,1.073104434755783
12.09856364789368,-4.101652986788327,0.9462893634322229,1.0537106365677773
11.898711765161654,-4.095132924057019,0.9474822406748433,1.052517759325157
11.699255662262878,-4.079964089630134,0.9311800840483719,1.0688199159516283
11.499851720774581,-4.06537657123368,0.9139901733780591,1.086009826621941
11.300026749228289,-4.054306593639476,0.9014701417472177,1.0985298582527823
11.10042640902311,-4.049965435518348,0.901282448326604,1.098717551673396
10.901336445777318,-4.063745203288818,0.9332506445035467,1.0667493554964533
10.70185722870168,-4.08294248296163,0.9728829994143028,1.0271170005856973
10.502265777173358,-4.0889058446689015,0.9830947340307241,1.016905265969276
10.302836845179005,-4.0726336481643415,0.948954502781559,1.051045497218441
10.103278258288993,-4.053291956279131,0.9085339257165308,1.0914660742834692
9.904182169661667,-4.054067714313893,0.9002336284049428,1.0997663715950572
9.705056772433954,-4.069432930167677,0.9159292488558597,1.0840707511441403
9.507015218941001,-4.097320383092036,0.9492853790858686,1.0507146209141314
9.310282217796738,-4.135123162988863,0.9895875907909761,1.0104124092090239
9.114717805803345,-4.177401031755364,1.0232530686192127,0.9767469313807873
8.921168009244411,-4.227449071839413,1.0515584884257687,0.9484415115742313
8.731063196919122,-4.289532196589282,1.0767191851325972,0.923280814867403
8.545246940325137,-4.362961343821137,1.0931894208674517,0.9068105791325484
8.365338845799178,-4.449717643740413,1.0996363800567095,0.9003636199432905
8.194520101234385,-4.553439307835067,1.1,0.9
8.036134195825781,-4.675323363292325,1.099488520201001,0.9005114797989993
7.891712719097564,-4.813495100817635,1.0994515597646135,0.9005484402353865
7.762131107745776,-4.965680798273866,1.1,0.9
7.64724607048261,-5.129159703817773,1.0994903786729728,0.9005096213270272
7.546075583102053,-5.30151205406166,1.0963699127755169,0.9036300872244831
7.459783806546623,-5.481980649497689,1.094221850153085,0.9057781498469151
7.3892229764537944,-5.669044332354355,1.0956901660775171,0.904309833922483
7.330490254769857,-5.859985517433268,1.0958431368662258,0.9041568631337743
7.282275976487165,-6.054027034259222,1.094002737506294,0.9059972624937063
7.246035591872296,-6.250773561576858,1.0943897614882676,0.9056102385117326
7.22081558518674,-6.449201762851884,1.0973526540406362,0.902647345959364
7.204122421951144,-6.648468413160789,1.1,0.9
7.191415979138303,-6.847802937575878,1.0961508880826385,0.9038491119173617
7.17792003757033,-7.046903691430424,1.0800046697983159,0.9199953302016842
7.160372037043208,-7.246163302975705,1.050022543430876,0.9499774565691239
7.141026776101816,-7.4457031216658205,1.0135514124336897,0.9864485875663104
7.122975305048479,-7.645060681046679,0.9798447050549872,1.020155294945013
7.10597051115113,-7.844218395207089,0.9530887797950699,1.0469112202049302
7.087734397904141,-8.043300334441854,0.9328761692844598,1.0671238307155402
7.064337749102024,-8.24206595993133,0.9164375720360338,1.0835624279639662
7.03351873057198,-8.43954863066841,0.90415229496279,1.09584770503721
6.997913352790174,-8.63576355911874,0.9028844418471889,1.0971155581528114
6.956284795082773,-8.831215570939566,0.9119101875919762,1.088089812408024
6.904465140203897,-9.024528669190254,0.9226383806917633,1.077361619308237
6.841407809911175,-9.21446852865616,0.9299718591790109,1.070028140820989
6.768181571335896,-9.400592657381827,0.9344397699276747,1.0655602300723253
6.690830864253962,-9.584475795404268,0.9454353602702184,1.0545646397297816
6.614898399712443,-9.76943601251942,0.9705136113269595,1.0294863886730408
6.534853392001613,-9.95306499688078,0.9992504725914393,1.0007495274085607
6.447216560520971,-10.132791051937787,1.0229348236377556,0.9770651763622444
6.354333502718752,-10.309799139617095,1.0428526507256166,0.9571473492743835
6.257999987425906,-10.485091047975601,1.061580453544959,0.9384195464550413
6.15961144403227,-10.659387497466382,1.0799545612787225,0.9200454387212775
6.05849399871451,-10.83186631247765,1.0945299671728792,0.905470032827121
5.952496310853352,-11.001020427911158,1.1,0.9
5.842213601173112,-11.167696216232212,1.0973697370980233,0.9026302629019768
5.731398580980935,-11.33435217425927,1.0938662901957668,0.9061337098042335
5.622579408343072,-11.502289043094722,1.0944040322338255,0.9055959677661745
5.515116582334795,-11.670906008970825,1.0976892737501913,0.9023107262498088
5.406942570159428,-11.838956315436876,1.0997289319192547,0.9002710680807454
5.297624344379973,-12.006346404671243,1.0992815457471405,0.9007184542528596
5.1876804599924435,-12.173360281813563,1.097178783250728,0.9028212167492721
5.077468628692015,-12.340191256364584,1.0944372100650557,0.9055627899349443
4.967587859596904,-12.507275232315807,1.0925442337049327,0.9074557662950674
4.858714993565498,-12.675070283263336,1.093004352018609,0.906995647981391
4.750956763441962,-12.843595928930661,1.0958671610255761,0.904132838974424
4.64317246356091,-13.011961431722815,1.0985784275168053,0.9014215724831947
4.533661250508021,-13.179072004265489,1.0979032187336106,0.9020967812663895
4.42241759264283,-13.345198880543817,1.0943134727402586,0.9056865272597415
4.311678169327814,-13.511845449081868,1.092218222256121,0.9077817777438792
4.20267672661932,-13.679604020520168,1.0940420404923077,0.9059579595076924
4.094279816791972,-13.847601850279048,1.0975761183084813,0.9024238816915188
3.984638113019866,-14.014679195185176,1.0991986902231996,0.9008013097768005
3.8733230514037906,-14.18073946765351,1.0981374548956349,0.9018625451043654
3.761457473437295,-14.346536972995164,1.0965968629547147,0.9034031370452855
3.649875353610413,-14.512527173408824,1.0964265537798434,0.9035734462201566
3.538582704589768,-14.6786786096791,1.0977429358619757,0.9022570641380244
3.4269730584805345,-14.84456166451354,1.09933021896848,0.9006697810315203
3.314396771004072,-15.009774428290477,1.0999386286131636,0.9000613713868366
3.200819224439235,-15.17433750977497,1.099505895743178,0.900494104256822
3.086546250003795,-15.33843690898949,1.098707155452175,0.9012928445478251
2.9717789549862124,-15.502186048790175,1.0981003147348345,0.9018996852651655
2.8566037530607864,-15.665653493504548,1.0980122837478077,0.9019877162521924
2.7410625627235032,-15.828873852242955,1.0985848779458989,0.9014151220541011
2.6250093765916285,-15.991713643849927,1.0994981798982066,0.9005018201017935
2.508026598048989,-16.15384740213144,1.0999213226570577,0.9000786773429426
2.38981129977794,-16.31507597661858,1.09934186848595,0.9006581315140502
2.270563691718107,-16.475595745643233,1.0983625264815404,0.9016374735184596
2.150876096140892,-16.635855105002193,1.0982822400060641,0.9017177599939361
2.0308931738977565,-16.79587607936231,1.099289689996794,0.9007103100032059
1.9096267792327617,-16.954795412461714,1.099221544794725,0.9007784552052753
1.785499456692758,-17.111420210487832,1.0951662789352468,0.9048337210647532
1.6578198922519174,-17.265298319422865,1.0864904800323025,0.9135095199676976
1.5271618978663233,-17.416769920294133,1.0751082965772758,0.9248917034227244
1.393708842304062,-17.56571686013029,1.0620449711414524,0.9379550288585478
1.2562741459830107,-17.710794473037723,1.0451332517207206,0.9548667482792794
1.1127938506187411,-17.84988874189227,1.0201476758598362,0.979852324140164
0.9619974953995994,-17.981669408514538,0.9855344018667531,1.014465598133247
0.8064108614968194,-18.10788740797302,0.947772489736912,1.052227510263088
0.650351953554034,-18.232562299339957,0.9188270559932477,1.0811729440067523
0.4945674234577756,-18.357369433547007,0.9037867175125877,1.0962132824874125
0.3373969776861886,-18.48087846733503,0.9,1.1
0.17647181058819375,-18.599530181723377,0.901225761082686,1.098774238917314
0.011265219725601273,-18.712177581186758,0.9046877302256933,1.0953122697743067
-0.15948142630316742,-18.816385744050166,0.9065126233686005,1.0934873766313995
-0.3356188938572484,-18.91111817014579,0.9051951639934128,1.0948048360065874
-0.5163863686120794,-18.996703516084583,0.9022684573147625,1.0977315426852376
-0.7008781082918054,-19.07333406762282,0.9,1.1
-0.8877931875845265,-19.143715828627478,0.9021670029023887,1.0978329970976115
-1.0786381152995264,-19.204664680086264,0.9033504576651533,1.0966495423348468
-1.272425043889057,-19.25348378181232,0.9011563031561389,1.0988436968438613
-1.467083011897745,-19.298181894797587,0.9055239304158158,1.0944760695841844
-1.6638945498060744,-19.33444038015491,0.9114820084153326,1.0885179915846677
-1.861352129814791,-19.364019444962207,0.9221645118778607,1.0778354881221393
-2.0594099371739025,-19.390944304105425,0.9407412546311614,1.0592587453688387
-2.258942877671144,-19.40735575306144,0.9549111234921285,1.0450888765078716
-2.458792256044264,-19.409216810229353,0.9559837186666993,1.0440162813333007
-2.6586378736958967,-19.39585363305713,0.9420285615794752,1.0579714384205248
-2.8569515371145933,-19.370306751423648,0.9213675610281897,1.0786324389718103
-3.0549890376077844,-19.346962598589073,0.9138306449141348,1.0861693550858653
-3.252877509417855,-19.31648123358135,0.9070978795403292,1.092902120459671
-3.4492361289039497,-19.278624395431496,0.9011508683546765,1.0988491316453235
-3.644901941169443,-19.238813370636315,0.9019319172466811,1.098068082753319
-3.8398740230823076,-19.193881857744046,0.9055879185663018,1.0944120814336982
-4.0333736515653555,-19.14331046321728,0.9100376348469164,1.0899623651530836
-4.225655578403192,-19.088737324944713,0.9173936352151109,1.0826063647848894
-4.417093076746014,-19.0311997218474,0.9287584931875754,1.0712415068124248
-4.6073019881317645,-18.969326633006496,0.9408968329664658,1.0591031670335345
-4.795340159154884,-18.90114998598526,0.9495411492010122,1.050458850798988
-4.981168600796427,-18.82724379038627,0.9549496050510372,1.045050394948963
-5.165351736287111,-18.749542919589565,0.9606195395435675,1.0393804604564325
-5.349342734132498,-18.671470609453714,0.9724569955289302,1.0275430044710698
-5.533278336097285,-18.59298849416228,0.9899652907145995,1.0100347092854007
-5.716280218237523,-18.512262601623434,1.0092380401396164,0.9907619598603838
-5.897864507020477,-18.42847758716218,1.0277608961943658,0.9722391038056343
-6.077904857996462,-18.341463895866045,1.044429216415292,0.955570783584708
-6.256350746691452,-18.251253455149545,1.0587295124751432,0.941270487524857
-6.433317013479895,-18.15817232783506,1.0707747654262456,0.9292252345737546
-6.608998208188112,-18.062648825835932,1.0809037509626493,0.9190962490373507
-6.783504350949262,-17.965010936048984,1.0891399644304123,0.9108600355695877
-6.95670811218012,-17.86513308973425,1.0948209188247107,0.9051790811752896
-7.128814676915504,-17.76335873250552,1.0981535814648002,0.9018464185351998
-7.300076756400412,-17.660161911891855,1.099614540113534,0.900385459886466
-7.470822331330991,-17.55610032969707,1.0999686684570555,0.9000313315429446
-7.641393840985111,-17.451737758095746,1.0999769174158487,0.9000230825841515
-7.811930384320678,-17.347325407939692,1.099989568461307,0.9000104315386932
-7.9824223206392855,-17.242851544725003,1.0999772655850206,0.9000227344149795
-8.152863816432234,-17.13829500687531,1.0999090414680737,0.9000909585319266
-8.323286607085222,-17.03369691776636,1.0998613227939589,0.9001386772060411
-8.493702504198147,-16.92909690330582,1.0998790890856616,0.9001209109143385
-8.664090686319593,-16.82443715549174,1.099900940719844,0.9000990592801561
-8.834488526353597,-16.719798813032714,1.0999688037844277,0.9000311962155725
-9.004735816757353,-16.614927511138458,1.0996258128908634,0.9003741871091367
-9.174850657704305,-16.509840602364438,1.0988129948615337,0.9011870051384663
-9.344700555467309,-16.404368122223325,1.0971931293991055,0.9028068706008947
-9.514412935412494,-16.29863709367024,1.0952065658258785,0.9047934341741216
-9.684361991665195,-16.193217086497913,1.0939695849703748,0.9060304150296254
-9.854626940998418,-16.088326268795708,1.0938512040591535,0.9061487959408466
-10.024932629820126,-15.983564207050124,1.0940331991072956,0.9059668008927045
-10.195043982606412,-15.878502361068996,1.0936672954503879,0.9063327045496122
-10.364958901822343,-15.773097803584163,1.092610059841979,0.907389940158021
-10.534738231460192,-15.66747200503959,1.0910819015940476,0.9089180984059524
-10.704455767709321,-15.561754349982333,1.0894157190511602,0.9105842809488398
-10.874302625577657,-15.456203439015416,1.0882520803280802,0.91174791967192
-11.0444936976356,-15.35117576736783,1.088213347356908,0.9117866526430921
-11.214833959710953,-15.246427219410869,1.0887179461644405,0.9112820538355596
-11.384918874267846,-15.141330024582404,1.0884148213233686,0.9115851786766315
-11.554427520862891,-15.03534651052294,1.0861921146817928,0.9138078853182074
-11.723466248300587,-14.928554965324553,1.0823399514205025,0.9176600485794976
-11.892541347697135,-14.8217402156265,1.078448776617794,0.9215512233822061
-12.061939520392412,-14.715450513211023,1.0756048817388733,0.9243951182611269
-12.23154681534608,-14.609542627465974,1.073583973330485,0.9264160266695151
-12.401167999586733,-14.503669782324897,1.071699053547849,0.9283009464521512
-12.5706981266756,-14.397649464573128,1.0694984160120138,0.9305015839879863
-12.740068222743275,-14.291383206265769,1.0667604368561547,0.9332395631438453
-12.909328156317725,-14.184940994230326,1.0637049178171005,0.9362950821828995
-13.078755075005466,-14.078713025074464,1.0612695977397646,0.9387304022602354
-13.248714159553037,-13.97330914360483,1.0605191037617507,0.9394808962382495
-13.418957010388823,-13.86839168516649,1.0607107588751887,0.9392892411248113
-13.588902246299055,-13.763082890487306,1.0598612211934861,0.940138778806514
-13.757913160126432,-13.656352646886909,1.055953267626136,0.9440467323738639
-13.926272450963697,-13.548474932689786,1.0499236992175915,0.9500763007824085
-14.095232640577715,-13.441426262493426,1.0457514435859174,0.9542485564140826
-14.265536332154477,-13.33653120028139,1.0458467630434023,0.9541532369565977
-14.436295599559463,-13.232520338549394,1.0475046223668025,0.9524953776331977
-14.606037067743465,-13.126989231649334,1.046166856389606,0.9538331436103941
-14.774844928300299,-13.019831517167638,1.0416713864393319,0.9583286135606681
-14.943903064790526,-12.912956602529684,1.0376651071617164,0.9623348928382838
-15.113838348931859,-12.807519095278503,1.0363927342470483,0.963607265752952
-15.284127087091575,-12.702726340447239,1.0363610058626702,0.96363899413733
-15.453960684314378,-12.59724135414993,1.0349583700866825,0.9650416299133175
-15.6232282501041,-12.490814820751188,1.0316099714241518,0.9683900285758484
-15.792412753304214,-12.384203076606669,1.0279171151079207,0.9720828848920795
-15.962165633321739,-12.278491384443774,1.0259787263550249,0.9740212736449753
-16.13246669990646,-12.173692411710997,1.0257830060788944,0.9742169939211056
-16.30269229712262,-12.068804765672295,1.0253975469476801,0.9746024530523201
-16.472451427149338,-11.963163613398395,1.0234203707588294,0.9765796292411707
-16.641847767220824,-11.856914349278373,1.0200640830839736,0.9799359169160266
-16.811176598945305,-11.75054943229501,1.016295382691943,0.983704617308057
-16.980599585117986,-11.644340660340532,1.0127678403185238,0.9872321596814763
-17.15018599663643,-11.538397868117713,1.0097307462908969,0.9902692537091031
-17.319899139947477,-11.43265837220533,1.0071086857503142,0.992891314249686
-17.48972677993958,-11.327105746467701,1.0047382235842728,0.9952617764157273
-17.659462201176588,-11.221406814654872,1.0019613042122595,0.9980386957877407
-17.828979216767245,-11.115350658840603,0.9984093112774065,1.0015906887225936
-17.998443063400575,-11.00920657426914,0.9945542705835124,1.0054457294164876
-18.16802699820525,-10.903257947232982,0.9910322697549672,1.0089677302450328
-18.33785150276212,-10.79769942466107,0.9882916187183224,1.0117083812816778
-18.50797034017567,-10.692620010105252,0.9865299863243518,1.0134700136756483
-18.678352735601894,-10.587968625250381,0.9855792933166183,1.0144207066833817
-18.848803056268142,-10.483422043475215,0.9847276093305235,1.0152723906694765
-19.0190555936037,-10.378548276417222,0.9830905965124331,1.016909403487567
-19.18903354177548,-10.273229615351628,0.980398605615769,1.0196013943842313
-19.35887597455678,-10.167703123855174,0.9770783896554198,1.0229216103445802
-19.528710435403987,-10.062168987635975,0.9734741088208487,1.0265258911791515
-19.698413212207853,-9.956404288054381,0.9692262825491906,1.0307737174508094
-19.867885177340508,-9.850252361709005,0.9641044704720347,1.0358955295279653
-20.037333228430438,-9.744071623893856,0.9588467812895873,1.0411532187104129
-20.20711311744714,-9.63846441195202,0.9547280591730527,1.0452719408269473
-20.377498292899766,-9.53385782955914,0.9525851365120426,1.0474148634879576
-20.54834330249404,-9.42996200977579,0.9518637367341491,1.0481362632658509
-20.71922907471896,-9.326099761636021,0.9512095403307825,1.0487904596692175
-20.88994267307597,-9.221969043523853,0.9499029205138586,1.0500970794861415
-21.060562353841487,-9.11770845409074,0.9481043103489072,1.051895689651093
-21.231168170401823,-9.013409892023837,0.9459997172770022,1.054000282722998
-21.401697916506926,-8.908982708602933,0.9435441173962154,1.0564558826037846
-21.572271528990427,-8.804667386965527,0.9411093045234398,1.0588906954765605
-21.742966433912887,-8.700539555113703,0.9387783304127649,1.0612216695872352
-21.913522496684656,-8.596130463259716,0.935719641767761,1.064280358232239
-22.083781546953837,-8.49120684189939,0.9314904237724725,1.0685095762275276
-22.25394257363049,-8.386175998117192,0.9269671997371403,1.07303280026286
-22.424558438853616,-8.281984134030937,0.9239910938714361,1.076008906128564
-22.59591033906642,-8.17899272087704,0.9233641344008611,1.076635865599139
-22.767696092997536,-8.076644363408784,0.924036212179508,1.0759637878204922
-22.939428250451336,-7.974175820262185,0.9243628577748697,1.0756371422251303
-23.110826197077785,-7.87116620042969,0.9233386909995458,1.0766613090004542
-23.281873759891145,-7.767578139280067,0.9207971582677889,1.0792028417322113
-23.452649600589606,-7.663516228696937,0.9170465999048648,1.0829534000951353
-23.623359260494425,-7.55938861320177,0.9130296735406007,1.0869703264593993
-23.79445082959841,-7.455981822999994,0.9102832711903043,1.0897167288096958
-23.9661617267171,-7.353587636148845,0.9094462448807892,1.090553755119211
-24.138204372564697,-7.251660063296613,0.9094948857360264,1.0905051142639737
-24.310140812360565,-7.1495188759901485,0.908987586377564,1.091012413622436
-24.481793903645872,-7.046925410753488,0.9073153237153282,1.092684676284672
-24.65328313222917,-6.944070268896748,0.9048256282959459,1.0951743717040543
-24.824784294263036,-6.841262824696011,0.9022498641916578,1.0977501358083424
-24.996556790172036,-6.738977373667553,0.9005278114067624,1.0994721885932377
-25.16877098690688,-6.63743396722394,0.9000543428356762,1.0999456571643238
-25.341378375929953,-6.536454572528497,0.9001547150224913,1.0998452849775089
-25.514393644069848,-6.435927393003386,0.9001119743908007,1.0998880256091994
-25.68831766657696,-6.337288890912752,0.9022022321175194,1.0977977678824808
-25.866118108510744,-6.247310880282857,0.9158227992583459,1.0841772007416544
-26.052319053811168,-6.174363699018211,0.949508305505774,1.0504916944942262
-26.244987465512914,-6.117274048962361,0.9945311496264049,1.0054688503735951
-26.440018794465043,-6.072558325746081,1.035219502457534,0.9647804975424661
-26.638096629446995,-6.044872343019804,1.067890802804593,0.9321091971954071
-26.837511073559018,-6.040276413534573,1.091283643695855,0.908716356304145
-27.03481994959033,-6.062060986109621,1.0995917381867084,0.9004082618132917
-27.227249001037894,-6.114220303338316,1.094427925780408,0.9055720742195921
-27.40763561551958,-6.201177394867371,1.0869288300939721,0.9130711699060279
-27.567032750561655,-6.322458805590146,1.0844396255764719,0.9155603744235282
-27.69779577519387,-6.474154756992095,1.0888397687545226,0.9111602312454774
-27.793632138904115,-6.649448214073738,1.096921913511868,0.903078086488132
-27.854634348001653,-6.838551551888612,1.0974859015225373,0.9025140984774627
-27.889456117454888,-7.03454240931605,1.0788043870007447,0.9211956129992555
-27.9044319337792,-7.233761252922844,1.04127507674982,0.9587249232501801
-27.902932154007896,-7.434144600202444,0.9919305812794094,1.0080694187205907
-27.88335064538913,-7.633767610278717,0.945928291444665,1.0540717085553353
-27.843085479316454,-7.829480727127323,0.9164011621421405,1.0835988378578596
-27.786210035679446,-8.020911525685245,0.9035545066808268,1.0964454933191732
-27.720869619399632,-8.20989409298625,0.9003313776355634,1.0996686223644367
-27.652596866749555,-8.39775490239695,0.9026233742218703,1.0973766257781299
-27.58302440142514,-8.585122164929803,0.9092046896250373,1.0907953103749628
-27.514005894619256,-8.772836399957168,0.9162985895476944,1.0837014104523057
-27.447633132635413,-8.96154248237194,0.9198768864926458,1.0801231135073543
-27.38364153409189,-9.151001095360083,0.9202173526451234,1.0797826473548766
-27.320399265849357,-9.340649583072418,0.9199914280740902,1.08000857192591
-27.2571513885725,-9.530308205934073,0.9203206849189088,1.0796793150810913
-27.19440896987679,-9.720187730512897,0.9200769911863053,1.0799230088136949
-27.132610275476043,-9.910397706064478,0.9183440011543949,1.0816559988456054
-27.071076226241058,-10.100655496528974,0.916231933194972,1.083768066805028
-27.008608224041666,-10.290557778404033,0.9156844991790254,1.0843155008209746
-26.944860517936906,-10.480031480318805,0.9170100793745385,1.0829899206254616
-26.880722047001814,-10.669405623621591,0.9180865152936897,1.0819134847063103
-26.817888461226428,-10.859332726900563,0.9152593828914816,1.0847406171085185
-26.757268710483654,-11.050047441454778,0.9074218610488793,1.0925781389511207
-26.695163789791668,-11.24000777753597,0.9013677544017111,1.098632245598289
-26.627595287177712,-11.42798090579439,0.9032672546714615,1.0967327453285387
-26.552996723305824,-11.613544751657491,0.9136918818714387,1.0863081181285614
-26.46900025331051,-11.794738579849982,0.9344645767202161,1.065535423279784
-26.369732025959525,-11.968168671365492,0.9720353484427996,1.0279646515572005
-26.25466752772756,-12.132753844142362,1.0214325977968621,0.9785674022031381
-26.13067449533567,-12.290282074658304,1.0656653875995745,0.9343346124004255
-25.99991879218483,-12.440950653058776,1.0936277289832754,0.9063722710167247
-25.86140849244296,-12.584176977953472,1.1,0.9
-25.715345009716824,-12.719927270015951,1.0826991515472106,0.9173008484527895
-25.562755664087437,-12.849071924978931,1.0442406741678734,0.9557593258321267
-25.402219101989417,-12.96870554780398,0.9975175858154294,1.0024824141845707
-25.234055446731414,-13.077878501145141,0.9520185474190161,1.0479814525809839
-25.05744087830808,-13.171391338732322,0.9220902810474798,1.0779097189525204
-24.8737184261051,-13.249445862086914,0.9100107581147846,1.0899892418852155
-24.686243394817346,-13.319079406971904,0.9066941214474734,1.0933058785525267
-24.49802124247046,-13.38704068747605,0.9036235175623109,1.0963764824376891
-24.31018662337385,-13.455618226636252,0.9006342485267729,1.0993657514732273
-24.12306402571389,-13.525825431272175,0.9000000000000001,1.1
-23.937542088606094,-13.600418289839094,0.9006021665671493,1.0993978334328507
-23.755175571496764,-13.682465238934517,0.9001362941763037,1.0998637058236964
-23.576767837076424,-13.77263899368831,0.9,1.1
-23.40335854985947,-13.872091557255487,0.9003530409121698,1.0996469590878304
-23.236063757503274,-13.98154330249017,0.9008986842429156,1.0991013157570844
-23.07582590771722,-14.101092326623922,0.9015971651020332,1.0984028348979669
-22.92397774066283,-14.23113551881181,0.9015267228172856,1.0984732771827144
-22.78173856770595,-14.37161227693974,0.9005625433032634,1.0994374566967366
-22.649886806184206,-14.52187859656329,0.900048000815115,1.0999519991848852
-22.528476893507584,-14.680682461437192,0.9027069351558219,1.097293064844178
-22.418250110211716,-14.847442279442506,0.908092600777582,1.0919073992224182
-22.320449845948612,-15.021824431062194,0.9141613582300734,1.0858386417699268
-22.23673137807414,-15.203381133407717,0.9185728018418786,1.0814271981581216
-22.16783850314843,-15.390926341345354,0.9207742846226835,1.0792257153773166
-22.112544575487185,-15.583127307728441,0.9228967649579928,1.0771032350420073
-22.07823122022007,-15.78046679611019,0.9143427798689484,1.0856572201310517
-22.0630309735523,-15.979610885982684,0.9001283861472,1.0998716138528002
-22.051788886466767,-16.178350922602228,0.9066323142699808,1.0933676857300192
-22.046968709607366,-16.378351364145832,0.9303374387766302,1.06966256122337
-22.054106794610487,-16.57844786318271,0.959526853928325,1.0404731460716752
-22.076636794880404,-16.777243283136475,0.9859119867073165,1.0140880132926835
-22.114714025394807,-16.97355296611015,1.0068520958290974,0.9931479041709026
-22.169714025550284,-17.165743765851786,1.0188503223592709,0.9811496776407291
-22.24165197908713,-17.352197844272975,1.020522204078681,0.979477795921319
-22.32935093525667,-17.531896214692875,1.01296360206004,0.98703639793996
-22.429634314811796,-17.704890214309426,1.0007022417438856,0.9992977582561146
-22.54135025838584,-17.870734188407454,0.9857054078053509,1.0142945921946493
-22.663260405120138,-18.029246933632812,0.9697461955848644,1.0302538044151357
-22.793813066186736,-18.180637340989126,0.9554445764223898,1.0445554235776104
-22.931726750454878,-18.325310401399612,0.944971775965685,1.055028224034315
-23.077106776854837,-18.46255873627771,0.9377789723207236,1.0622210276792765
-23.230198550599766,-18.591176465071964,0.9324287749885961,1.067571225011404
-23.389925087486183,-18.711292699566215,0.9303193031021998,1.0696806968978003
-23.55573569504776,-18.822787111288203,0.9321135847991584,1.0678864152008418
-23.72805831630294,-18.924352744095415,0.9351659894871172,1.0648340105128828
-23.908085170239826,-19.011378031905195,0.9333374866192823,1.066662513380718
-24.09438179601487,-19.084443950932613,0.9274026511861431,1.0725973488138572
-24.28545599898028,-19.14244393178567,0.9194537048027804,1.0805462951972196
-24.479914539942012,-19.189128044357656,0.9145002083201164,1.0854997916798839
-24.678068354710067,-19.21837699818777,0.9066543576002786,1.0933456423997217
-24.876609365553396,-19.233404196202358,0.9050785009930142,1.0949214990069858
-25.075426023435003,-19.248201934599116,0.9272988362020496,1.0727011637979507
-25.27606282798148,-19.24996730847909,0.9526612533323389,1.0473387466676614
-25.475436921062023,-19.235752182888188,0.9727110415696903,1.0272889584303098
-25.674110357660133,-19.21420299199843,0.996919030469099,1.003080969530901
-25.87238450011878,-19.186582452577184,1.0249635846888434,0.9750364153111567
-26.06883148446147,-19.14921406006713,1.049287468495891,0.9507125315041091
-26.263552676774214,-19.1036410064279,1.069340872103086,0.9306591278969142
-26.456867773062253,-19.052092981645405,1.0859491164633546,0.9140508835366457
-26.648223432653644,-18.994380080929737,1.0967255627782198,0.9032744372217805
-26.8375475816727,-18.930620044642424,1.0999638376420675,0.9000361623579325
-27.02587140693003,-18.86344368345236,1.0986380027516776,0.9013619972483226
-27.214263469132725,-18.7961406300667,1.0974618793848538,0.9025381206151463
-27.40290665693486,-18.729691754876892,1.0980577335436845,0.9019422664563157
-27.59163209377623,-18.663593347160436,1.0994141477054677,0.9005858522945323
-27.780215144681573,-18.597163886381573,1.0998498885731876,0.9001501114268127
-27.968351150392532,-18.52958216929353,1.0976438403943258,0.9023561596056744
-28.15592172709915,-18.460407387101863,1.0919996788975324,0.9080003211024676
-28.34301954986267,-18.38995271204629,1.0834541232600996,0.9165458767399005
-28.52986817113192,-18.318799819079466,1.07359099981286,0.9264090001871399
-28.717258238023373,-18.248870230610745,1.0666146190481738,0.9333853809518262
-28.906234931303096,-18.183101172356295,1.0675485018876831,0.9324514981123169
-29.096445701213476,-18.120992107038816,1.0748775822714596,0.9251224177285405
-29.285894121274197,-18.057661274328492,1.0797013969061975,0.9202986030938025
-29.473553787223402,-17.98937707589524,1.0758302144787377,0.9241697855212623
-29.6607949825916,-17.918908688739347,1.0683230953292262,0.931676904670774
-29.84915844901252,-17.85128545513885,1.0658314687879278,0.9341685312120723
-30.038583826177778,-17.786999731469532,1.0694568101117587,0.9305431898882413
-30.227848728731633,-17.72269468696794,1.073375447389216,0.9266245526107839
-30.416032138913646,-17.655624817069466,1.072417476288829,0.9275825237111711
-30.603371497112025,-17.58580280195231,1.0670907523885036,0.9329092476114965
-30.791216881818645,-17.51689199735525,1.06383297022116,0.93616702977884
-30.98009218578877,-17.451048927361136,1.0662982740624813,0.9337017259375189
-31.169231789428697,-17.38630764199519,1.0717323314924205,0.9282676685075796
-31.35827898166724,-17.321304881140165,1.0776433533362964,0.9223566466637036
-31.547433173491026,-17.256311327953703,1.0842857005315054,0.9157142994684948
-31.736754764723994,-17.191727539863145,1.0919212580750894,0.9080787419249108
-31.92553662306564,-17.126116448066977,1.09796431637731,0.90203568362269
-32.113348015931834,-17.05777712124057,1.1,0.9
-32.30022884123384,-16.98631902311306,1.098371680790435,0.9016283192095651
-32.484447033082574,-16.908925310700198,1.0903879662352176,0.9096120337647825
-32.66251381805396,-16.818927342102793,1.068507375753449,0.9314926242465513
-32.83253114055634,-16.713109095745907,1.0311456421435077,0.9688543578564925
-32.99394297970824,-16.593599643535466,0.9864617596991536,1.0135382403008464
-33.146974052744824,-16.464685816352603,0.9475744894351661,1.052425510564834
-33.292606771085254,-16.32876592549962,0.9251896840606253,1.074810315939375
-33.42608102723439,-16.179805236714955,0.913932581788496,1.0860674182115042
-33.53588549207778,-16.0127175396465,0.903788751154742,1.096211248845258
-33.62257743628164,-15.833628806991037,0.9075591987253228,1.0924408012746774
-33.69299149150221,-15.647836788151448,0.9388797929882075,1.0611202070117927
-33.75297521591465,-15.455937823010158,0.9927589742238239,1.0072410257761761
-33.78842269920497,-15.2590393349502,1.0314024941150137,0.9685975058849863
-33.810577472209786,-15.059894622654333,1.0676889344750304,0.9323110655249697
-33.81897604072172,-14.860125771983892,1.0937310291488265,0.9062689708511736
-33.80888510957539,-14.661120905341827,1.1,0.9
-33.790272829545664,-14.461771864526924,1.0978614704441623,0.902138529555838
-33.77103761489823,-14.26266676319704,1.0969102938223463,0.9030897061776538
-33.74461297742351,-14.06463074631556,1.089098938107553,0.910901061892447
-33.71697900514625,-13.866447399041784,1.0819501483633718,0.9180498516366284
-33.685410142876016,-13.669153257840353,1.0704139190277444,0.9295860809722558
-33.65001444916026,-13.472303287708137,1.055738489835436,0.9442615101645642
-33.61433328396804,-13.275520411638102,1.0412855676480786,0.9587144323519217
-33.576013942117086,-13.079328196702269,1.024100061544468,0.9758999384555322
-33.53614971518723,-12.883355613177777,1.0051453466254743,0.9948546533745258
-33.49585206808617,-12.687453151017325,0.9858702029296829,1.0141297970703171
-33.45645963804342,-12.491449111424295,0.9685510251497891,1.031448974850211
-33.41923338309324,-12.295036091541673,0.95375214091936,1.04624785908064
-33.38113490166076,-12.098609976276924,0.9373636531298462,1.0626363468701538
-33.34520335662223,-11.901979066633906,0.9233972038113899,1.0766027961886102
-33.31318544930215,-11.70468278886996,0.9137251520072397,1.0862748479927604
-33.28346484834492,-11.506826231510852,0.9061463451171078,1.0938536548828923
-33.2567680601635,-11.308691335882429,0.9013293408700487,1.0986706591299513
-33.23638313410629,-11.109889539558273,0.9034581834030594,1.0965418165969407
-33.22591967908767,-10.910223512768761,0.9156334930715131,1.084366506928487
-33.23218952650913,-10.711417578940956,0.9460114338564006,1.0539885661435995
-33.26636561823283,-10.512918323330672,1.0031029004963155,0.9968970995036847
-33.31927619737524,-10.318512962504636,1.063430621811661,0.9365693781883393
-33.37677566900724,-10.12949285137641,1.0945730007828371,0.905426999217163
-33.44976824051521,-9.944347558944434,1.0996563000518162,0.9003436999481839
-33.54935544714269,-9.770691214203662,1.0975727550080787,0.9024272449919214
-33.67545248160848,-9.61512277525395,1.0966310736131497,0.9033689263868505
-33.82497658243836,-9.482056203046401,1.0987665299095102,0.90123347009049
-33.992825073251,-9.372051626038397,1.1,0.9
-34.16863584072286,-9.281565064903717,1.0866439484257528,0.9133560515742472
-34.34182877585469,-9.183069077852334,1.0270218987849826,0.9729781012150175
-34.51633477056666,-9.078210336474617,0.9524444721481069,1.0475555278518933
-34.69333351086789,-8.986636393399978,0.9087022815794532,1.091297718420547
-34.86934001581276,-8.895372680240476,0.9001770009253193,1.0998229990746808
-35.03445246123099,-8.782632765189627,0.904509891839634,1.095490108160366
-35.17378556256373,-8.639234342040021,0.9005155133457391,1.099484486654261
-35.28347775149701,-8.472766012576315,0.9007183180090906,1.0992816819909095
-35.37505430313029,-8.295930298955673,0.9339041305021422,1.066095869497858
-35.448180743148754,-8.109451162500205,0.9850591029667224,1.0149408970332778
-35.51207032780157,-7.9191701940908095,1.0568867856379938,0.9431132143620063
-35.54808775704622,-7.723126182228649,1.0987127597927764,0.9012872402072236
-35.55109771237165,-7.523590969966145,1.098772282823149,0.9012277171768511
-35.534080811639484,-7.324142425674765,1.0766851857354953,0.9233148142645048
-35.52507123300672,-7.124424024788438,1.0811696009412055,0.9188303990587946
-35.51640216916134,-6.924628037025921,1.0932052664914633,0.9067947335085368
-35.50450648306538,-6.725081489482126,1.0998295526817994,0.9001704473182008
-35.4804382148187,-6.526628509326414,1.079693848867707,0.920306151132293
-35.455170243223684,-6.3282256932323895,1.053528284847069,0.9464717151529312
-35.43268037883801,-6.129537783142023,1.0306913005763523,0.9693086994236478
-35.41692407733227,-5.930260040261357,1.02040173525563,0.9795982647443701
-35.419703850947464,-5.730310372809783,1.0471013524367057,0.9528986475632946
-35.41659646264472,-5.530437924106473,1.0626465290173681,0.937353470982632
-35.39826632396087,-5.331381523711085,1.050337807831252,0.949662192168748
-35.369219194658555,-5.133572183106003,1.019349193427293,0.9806508065727071
-35.33595933243505,-4.936332108699819,0.9843223234561556,1.0156776765438447
-35.308305633008885,-4.738367044357356,0.9665819207964276,1.0334180792035725
-35.28831628630681,-4.539476741028646,0.9698439492533752,1.030156050746625
-35.247990760849035,-4.343600169454,0.9409844862723692,1.059015513727631
-35.2076701121134,-4.147762625741813,0.9212929681502615,1.0787070318497385
-35.16446018896818,-3.952555805109214,0.9060610290477376,1.0939389709522627
-35.12118142057645,-3.7573562940696514,0.9024599377413145,1.0975400622586857
-35.07373116570815,-3.5631083598147097,0.9034243830804362,1.096575616919564
-35.0177797399469,-3.371141354149812,0.9012691815324048,1.0987308184675952
-34.95485881773138,-3.181391223150271,0.900197296847537,1.099802703152463
-34.886156616741005,-2.993618287715975,0.9035468186082973,1.096453181391703
-34.80792356023862,-2.809587117230285,0.904069002848507,1.095930997151493
-34.72135772111915,-2.6293443300415245,0.9036941398494609,1.0963058601505393
-34.625531020347054,-2.453856477957068,0.9007991337335169,1.0992008662664832
-34.52293097966177,-2.2823093216139174,0.900134718984844,1.0998652810151561
-34.413201531237846,-2.115149518119806,0.9012540259664124,1.0987459740335876
-34.29644940407342,-1.9528292493319963,0.9035574712890324,1.0964425287109676
-34.17311770259645,-1.7954656316217845,0.9072702027300843,1.0927297972699157
-34.04405162807118,-1.6428104484707313,0.9136184986837949,1.0863815013162053
-33.90963346083569,-1.4948506799535262,0.9228139514902918,1.0771860485097082
-33.76990725545112,-1.351808418386656,0.9341458479279072,1.065854152072093
-33.6234796227801,-1.2155892514298199,0.9432169257847776,1.0567830742152224
-33.46980315226765,-1.0876282064979825,0.9468482609917589,1.0531517390082412
-33.30859947793554,-0.9692221417329295,0.9430684210530682,1.0569315789469318
-33.14155996544457,-0.8593536570114563,0.9351310899168798,1.0648689100831203
-32.97098642306698,-0.7552665973434677,0.9290288072682715,1.0709711927317285
-32.7970544673374,-0.656600633604835,0.9257973236715914,1.0742026763284087
-32.61855216681065,-0.5662475631594829,0.920758655053401,1.079241344946599
-32.436780290864185,-0.4831978152959426,0.915872654315061,1.0841273456849392
-32.252626286460064,-0.4056976545988051,0.9141751215196358,1.0858248784803644
-32.065278438975355,-0.33540500909742443,0.9126198371527989,1.087380162847201
-31.87396179678322,-0.2760555781609563,0.9059146921697941,1.094085307830206
-31.681125459889692,-0.2246954193742019,0.9004223371695445,1.0995776628304557
-31.488452551711234,-0.17310462604093219,0.9080565661461005,1.0919434338538996
-31.293648854652048,-0.12555082493538083,0.9217364713337077,1.0782635286662923
-31.09756843145408,-0.08758766991378343,0.9338966200026847,1.0661033799973154
-30.902148182404353,-0.047424010921328405,0.9588293524083377,1.0411706475916624
-30.705866805429718,-0.00655622770069886,0.9940937578947875,1.0059062421052127
-30.508450196771978,0.026057928551005756,1.0250605737103535,0.9749394262896466
-30.310199787159668,0.051634985815234076,1.049749870866317,0.9502501291336831
-30.11117368687611,0.07068551680920251,1.0685651797906606,0.9314348202093394
-29.91169284033582,0.08412483893858178,1.082168609272893,0.9178313907271071
-29.711940785794855,0.0928308717714257,1.0912872190584766,0.9087127809415234
-29.51205713067956,0.09774270588158124,1.0967015755946852,0.903298424405315
-29.312119839950434,0.09983653528071336,1.0992754572120653,0.9007245427879347
-29.112164245609915,0.10017063356039453,1.1,0.9000000000000001
-28.91220613706672,0.09972347817134297,1.0998201482430046,0.9001798517569956
-28.712249300767002,0.09902788467803846,1.099282175327342,0.9007178246726579
-28.512292466184082,0.09821012541029113,1.0985595120198335,0.9014404879801665
-28.312336215991966,0.09728685976236168,1.097688945172406,0.9023110548275941
-28.11238028321432,0.09626973762061133,1.096691782763991,0.9033082172360091
-27.912424748010668,0.0951705425768737,1.0955889103397225,0.9044110896602777
-27.712469379286258,0.09399818639512153,1.0943969415266002,0.9056030584734
-27.512514841926006,0.09275958425762441,1.0931251571767682,0.9068748428232318
-27.312561286916743,0.09145154632384263,1.091771679631969,0.9082283203680312
-27.11260710858943,0.09007937985653666,1.0903439341659615,0.9096560658340386
-26.91265346082736,0.08866061247530184,1.088867443574087,0.911132556425913
-26.71270076972888,0.08718789576927802,1.0873349831264445,0.9126650168735556
-26.51274808854996,0.08566620982039978,1.0857506417875549,0.9142493582124452
-26.31279582984689,0.08409875178256354,1.0841199184575137,0.9158800815424863
-26.11284388181996,0.08248941561632998,1.0824485312474583,0.9175514687525417
-25.912892242247402,0.08084192013231824,1.0807422119905763,0.9192577880094237
-25.712940863222315,0.07916006114262737,1.0790066516177037,0.9209933483822963
-25.51298976426913,0.07744733686533005,1.0772468943604359,0.9227531056395643
-25.31303889038795,0.07570625823107272,1.0754664956531699,0.9245335043468302
-25.11308839432593,0.07393939818943014,1.0736682414077006,0.9263317585922994
-24.91313798707654,0.07214785510024749,1.0718547609571312,0.9281452390428688
-24.713187465717812,0.0703381273771143,1.0700337220021283,0.9299662779978718
-24.513237563020887,0.06851286642330914,1.06820882775799,0.9317911722420102
-24.313287793835645,0.06666413058562981,1.0663675487230369,0.9336324512769634
-24.113337940330403,0.06479996871674717,1.0645183816628725,0.9354816183371276
-23.91338841359248,0.06291953890323239,1.0626608124260284,0.9373391875739718
-23.71343897612945,0.06102413189016092,1.0607947734233938,0.9392052265766063
-23.51348968814498,0.059114490084808714,1.0589201874811736,0.9410798125188264
-23.313540524472895,0.05719149803562541,1.057036970857968,0.942963029142032
-23.11359148219729,0.055256000271136314,1.0551450386925874,0.9448549613074129
-22.913642553801868,0.053308855041248944,1.053244304860702,0.946755695139298
-22.713693731940932,0.05135090184859745,1.0513346839601403,0.9486653160398599
-22.513745058295726,0.049383049469346345,1.049416178757378,0.9505838212426222
-22.31379634064627,0.04740629247461564,1.047489909077984,0.9525100909220163
-22.113847633704523,0.045424919572646966,1.0455595980582113,0.9544404019417889
-21.913899295379764,0.043436711945532044,1.0436210832252817,0.9563789167747183
-21.713950931749093,0.041434516030061166,1.0416615627461274,0.9583384372538728
-21.514002497274223,0.039427932609221825,1.0396926994240125,0.9603073005759876
-21.31405423825316,0.03741594555149059,1.0377139245907805,0.9622860754092195
-21.114105985406578,0.035399841422143134,1.035725098731715,0.964274901268285
-20.914157775099266,0.033380350357253744,1.0337261374515339,0.9662738625484663
-20.714209590151654,0.03135837621533039,1.031716959306986,0.9682830406930142
-20.514261412397016,0.029334704493452768,1.0296974836554122,0.970302516344588
-20.314313274358106,0.027310420241540328,1.0276676133539249,0.9723323866460751
-20.114365005024727,0.025285472568935256,1.0256270369432665,0.9743729630567335
-19.914416876039816,0.023263270757214426,1.0235745782136785,0.9764254217863215
-19.7144690713603,0.021231544110358106,1.021494541155096,0.9785054588449041
-19.51452083858367,0.019186411456374907,1.0193771862055057,0.9806228137944946
-19.314572523849453,0.017170680381535797,1.0172870061098807,0.9827129938901195
-19.11462442935852,0.015153452063751082,1.0151832053040102,0.9848167946959899
-18.914676081376882,0.013142369881885406,1.0130679080872096,0.9869320919127904
-18.714727662687405,0.01113715005137001,1.010941217195654,0.9890587828043461
-18.514779256311378,0.009137248716164083,1.0087935441434894,0.9912064558565106
-18.31483130810583,0.007113314453016039,1.0065637812658281,0.993436218734172
-18.114884669620807,0.004994318861996044,1.0041180868341697,0.9958819131658303
-17.914939161716976,0.002713335697389718,1.0013103733068527,0.9986896266931473
-17.714991805029204,0.00018408918938804826,0.998146342409458,1.0018536575905421
-17.515046151267725,-0.0020057812635466484,0.995882744481468,1.004117255518532
-17.315174937862444,-0.0017700420930853223,0.9986104638610542,1.001389536138946
-17.11537855253235,0.003822393320196359,1.0116861870903724,0.9883138129096277
-16.915602556225522,0.01666052089557468,1.0379207199701446,0.9620792800298557
-16.716026487499,0.03184806620389934,1.0687977920580594,0.9312022079419408
-16.516534130686512,0.0423675216176948,1.0908720087946326,0.9091279912053675
-16.316870782547376,0.04596564613929503,1.0994873496649293,0.9005126503350707
-16.116919654946052,0.043366132125244004,1.096367213835599,0.9036327861644009
-15.91686148925019,0.04003054039318994,1.0909387676816265,0.9090612323183737
-15.716900244220016,0.0374659879257116,1.0868469895595245,0.9131530104404756
-15.516945776641945,0.035828769885645026,1.0845101996139703,0.9154898003860298
-15.316992667883465,0.03483320430647001,1.0834284398259024,0.9165715601740978
-15.117038232567099,0.034228526884187975,1.0830892353935544,0.9169107646064456
-14.917083772908274,0.03377277772298883,1.0830294880630378,0.9169705119369623
-14.717126408551199,0.033353978660862274,1.083009670315113,0.916990329684887
-14.51716884799039,0.032935981370566116,1.0829465969409053,0.9170534030590949
-14.317212128391324,0.03247018632163059,1.0827528415125665,0.9172471584874335
-14.11725480146969,0.03193923873038486,1.0823920203587445,0.9176079796412557
-13.917297165251066,0.031359349670716186,1.0818918926540366,0.9181081073459635
-13.717339690470977,0.03074607579848857,1.0812850035282493,0.9187149964717507
-13.517382248459253,0.03011552816757525,1.0806038428290206,0.9193961571709794
-13.317424808439897,0.029483615915274743,1.079880837037909,0.9201191629620912
-13.117467340456566,0.02886632255480554,1.0791483832030881,0.9208516167969119
-12.917509683911165,0.028279435692693908,1.0784388521204273,0.9215611478795727
-12.717551880561157,0.02773933594392983,1.0777842570998133,0.9222157429001869
-12.517593975491202,0.027258680666724266,1.0772114810871027,0.9227885189128974
-12.317635443959752,0.026843933800852343,1.076733429496095,0.923266570503905
-12.11767725022451,0.026505923030474974,1.076367805027215,0.9236321949727853
-11.917719576832662,0.02621676681826084,1.0760687821719823,0.9239312178280178
-11.717761235990665,0.025968104302720427,1.075817166534045,0.9241828334659551
-11.517802709339819,0.025768316083572988,1.0756267755977844,0.9243732244022156
-11.317844359407928,0.02561207518763044,1.0754895199038086,0.9245104800961914
-11.117886094862268,0.02549078916899818,1.0753890086810511,0.924610991318949
-10.917927847492285,0.025395535361147414,1.0753088142555094,0.9246911857444906
-10.717969480971151,0.025324207509762504,1.0752446846887507,0.9247553153112495
-10.518011071705892,0.025279725912330894,1.0752023729555944,0.9247976270444056
-10.31805263609099,0.025264771903478773,1.0751879927005203,0.9248120072994799
-10.118094164563564,0.025282353383843065,1.0752076274980369,0.9247923725019631
-9.918135935614018,0.0253342845325658,1.0752654978524334,0.9247345021475668
-9.718177668306987,0.02541805683413274,1.0753595320212557,0.9246404679787444
-9.51821890791212,0.02554487128880512,1.0755097156423,0.9244902843577001
-9.318260376844261,0.02572990424993006,1.0757443848114274,0.9242556151885728
-9.118302152753897,0.025956978871046508,1.076036258425864,0.9239637415741362
-8.91834387107977,0.026215346759800938,1.076362680634955,0.9236373193650451
-8.718385660571533,0.026491326329607278,1.0766974692922293,0.9233025307077707
-8.518427439428496,0.026771604062180716,1.0770143706184863,0.9229856293815137
-8.318469235576243,0.027042800491671334,1.0772871124997896,0.9227128875002105
-8.118511101474779,0.02729137055931846,1.0774894499104928,0.9225105500895072
-7.918553112555649,0.027504648480115423,1.0775972365370001,0.9224027634629999
-7.718595712959525,0.027678765723726965,1.0776044439708028,0.9223955560291973
-7.518638635135828,0.027826202416310394,1.0775416801281255,0.9224583198718747
-7.318681029380938,0.028021979423982057,1.0775577944265673,0.9224422055734328
-7.118721378622742,0.028420376018481155,1.0779568246508209,0.9220431753491791
-6.9187591304699225,0.029189455489050976,1.0790556931862498,0.9209443068137503
-6.718790173714731,0.030392211870733283,1.080963942363051,0.919036057636949
-6.518825250613383,0.0316386667184694,1.0828445543381353,0.9171554456618647
-6.318840091119853,0.03179960043528857,1.0825150468091194,0.9174849531908807
-6.119027279566741,0.02866403959897626,1.0752022684017064,0.9247977315982937
-5.919576682860922,0.018370375537873684,1.0540206898958102,0.9459793101041898
-5.720482920480898,-0.004179542462830333,1.009910150159775,0.9900898498402251
-5.521213584881988,-0.01907535139399754,0.9789342239642653,1.0210657760357347
-5.32138939580121,-0.01957961065395845,0.9762421882636141,1.0237578117363861
-5.121402327753986,-0.01652781974774954,0.9813887173095143,1.0186112826904858
-4.92146754365608,-0.013614217950321209,0.9863092383078562,1.0136907616921438
-4.7215166723649675,-0.011783155312827824,0.9891247039505077,1.0108752960494924
-4.5215626225003955,-0.010647468860729042,0.990510428188289,1.0094895718117112
-4.32160588948104,-0.009887531651200664,0.9911276849569082,1.0088723150430918
-4.121649074889453,-0.00914781646340211,0.9916668326335667,1.0083331673664335
-3.9216920931196335,-0.008385763327480434,0.9922359976024053,1.007764002397595
-3.721735236893886,-0.007598663000061043,0.9928383998419466,1.0071616001580537
-3.5217784786291624,-0.006785271654168363,0.9934774154478103,1.0065225845521897
-3.3218218377018762,-0.005943975981343892,0.9941563750611087,1.0058436249388913
-3.1218653221990773,-0.005073260098268031,0.9948786033857395,1.0051213966142605
-2.9219089441865456,-0.0041716014737516495,0.9956474299207925,1.0043525700792075
-2.721952714864691,-0.003237405627502283,0.9964661857835287,1.0035338142164714
-2.5219966461126915,-0.0022693950602123854,0.9973380624036347,1.0026619375963655
-2.3220407583339755,-0.001266037518213516,0.9982660609670763,1.0017339390329238
-2.122085103217621,-0.00021330116375445815,0.9992775784900203,1.00072242150998
-1.9221296388836748,0.0008652958159240665,1.0003281733627583,0.999671826637242
-1.7221742221457013,0.0019819798586813743,1.0014405518312948,0.9985594481687053
-1.5222195715518394,0.003138813890931074,1.0026198816200778,0.9973801183799224
-1.3222633800385615,0.004337577749740106,1.003869821802667,0.9961301781973333
-1.1223133078278855,0.0055798256833618776,1.005193748436624,0.994806251563376
-0.9223446980882384,0.006866933849830814,1.006594781499528,0.993405218500472
-0.7224353817836909,0.00819914033751363,1.0080729500913876,0.9919270499086126
-0.5223477124015171,0.009565154112846856,1.0096076148880142,0.9903923851119859
-0.32277283408103286,0.010956398877418424,1.0111763888182317,0.9888236111817683
-0.12273614479398769,0.012388701103687179,1.0127823243742944,0.9872176756257057
0.0774651621282839,0.01303648844420519,1.013561257676875,0.9864387423231251
